geo,country,nrg_cons,band,period,period_start,year,semester,price_eur_per_unit
AT,Austria,GJ1000-9999,1 000-9 999 GJ,2007-S2,2007-07-01,2007,2,0.0438
AT,Austria,GJ1000-9999,1 000-9 999 GJ,2009-S1,2009-01-01,2009,1,0.041
AT,Austria,GJ1000-9999,1 000-9 999 GJ,2009-S2,2009-07-01,2009,2,0.039
AT,Austria,GJ1000-9999,1 000-9 999 GJ,2010-S1,2010-01-01,2010,1,0.0392
AT,Austria,GJ1000-9999,1 000-9 999 GJ,2010-S2,2010-07-01,2010,2,0.0404
AT,Austria,GJ1000-9999,1 000-9 999 GJ,2011-S1,2011-01-01,2011,1,0.0386
AT,Austria,GJ1000-9999,1 000-9 999 GJ,2011-S2,2011-07-01,2011,2,0.0441
AT,Austria,GJ1000-9999,1 000-9 999 GJ,2012-S1,2012-01-01,2012,1,0.0487
AT,Austria,GJ1000-9999,1 000-9 999 GJ,2012-S2,2012-07-01,2012,2,0.0492
AT,Austria,GJ1000-9999,1 000-9 999 GJ,2013-S1,2013-01-01,2013,1,0.0496
AT,Austria,GJ1000-9999,1 000-9 999 GJ,2013-S2,2013-07-01,2013,2,0.0499
AT,Austria,GJ1000-9999,1 000-9 999 GJ,2014-S1,2014-01-01,2014,1,0.0485
AT,Austria,GJ1000-9999,1 000-9 999 GJ,2014-S2,2014-07-01,2014,2,0.0469
AT,Austria,GJ1000-9999,1 000-9 999 GJ,2015-S1,2015-01-01,2015,1,0.0461
AT,Austria,GJ1000-9999,1 000-9 999 GJ,2015-S2,2015-07-01,2015,2,0.0445
AT,Austria,GJ1000-9999,1 000-9 999 GJ,2016-S1,2016-01-01,2016,1,0.0434
AT,Austria,GJ1000-9999,1 000-9 999 GJ,2016-S2,2016-07-01,2016,2,0.0418
AT,Austria,GJ1000-9999,1 000-9 999 GJ,2017-S1,2017-01-01,2017,1,0.0393
AT,Austria,GJ1000-9999,1 000-9 999 GJ,2017-S2,2017-07-01,2017,2,0.0409
AT,Austria,GJ1000-9999,1 000-9 999 GJ,2018-S1,2018-01-01,2018,1,0.0395
AT,Austria,GJ1000-9999,1 000-9 999 GJ,2018-S2,2018-07-01,2018,2,0.0407
AT,Austria,GJ1000-9999,1 000-9 999 GJ,2019-S1,2019-01-01,2019,1,0.0403
AT,Austria,GJ1000-9999,1 000-9 999 GJ,2019-S2,2019-07-01,2019,2,0.0409
AT,Austria,GJ1000-9999,1 000-9 999 GJ,2020-S1,2020-01-01,2020,1,0.0388
AT,Austria,GJ1000-9999,1 000-9 999 GJ,2020-S2,2020-07-01,2020,2,0.0391
AT,Austria,GJ1000-9999,1 000-9 999 GJ,2021-S1,2021-01-01,2021,1,0.0375
AT,Austria,GJ1000-9999,1 000-9 999 GJ,2021-S2,2021-07-01,2021,2,0.0433
AT,Austria,GJ1000-9999,1 000-9 999 GJ,2022-S1,2022-01-01,2022,1,0.0563
AT,Austria,GJ1000-9999,1 000-9 999 GJ,2022-S2,2022-07-01,2022,2,0.0699
AT,Austria,GJ1000-9999,1 000-9 999 GJ,2023-S1,2023-01-01,2023,1,0.0999
AT,Austria,GJ1000-9999,1 000-9 999 GJ,2023-S2,2023-07-01,2023,2,0.088
AT,Austria,GJ1000-9999,1 000-9 999 GJ,2024-S1,2024-01-01,2024,1,0.0739
AT,Austria,GJ1000-9999,1 000-9 999 GJ,2024-S2,2024-07-01,2024,2,0.0814
AT,Austria,GJ1000-9999,1 000-9 999 GJ,2025-S1,2025-01-01,2025,1,0.0808
AT,Austria,GJ1000-9999,1 000-9 999 GJ,2025-S2,2025-07-01,2025,2,0.0793
AT,Austria,GJ10000-99999,10 000-99 999 GJ,2009-S1,2009-01-01,2009,1,0.0337
AT,Austria,GJ10000-99999,10 000-99 999 GJ,2009-S2,2009-07-01,2009,2,0.0326
AT,Austria,GJ10000-99999,10 000-99 999 GJ,2010-S1,2010-01-01,2010,1,0.0351
AT,Austria,GJ10000-99999,10 000-99 999 GJ,2010-S2,2010-07-01,2010,2,0.0352
AT,Austria,GJ10000-99999,10 000-99 999 GJ,2011-S1,2011-01-01,2011,1,0.0347
AT,Austria,GJ10000-99999,10 000-99 999 GJ,2011-S2,2011-07-01,2011,2,0.037
AT,Austria,GJ10000-99999,10 000-99 999 GJ,2012-S1,2012-01-01,2012,1,0.0434
AT,Austria,GJ10000-99999,10 000-99 999 GJ,2012-S2,2012-07-01,2012,2,0.0434
AT,Austria,GJ10000-99999,10 000-99 999 GJ,2013-S1,2013-01-01,2013,1,0.0437
AT,Austria,GJ10000-99999,10 000-99 999 GJ,2013-S2,2013-07-01,2013,2,0.0428
AT,Austria,GJ10000-99999,10 000-99 999 GJ,2014-S1,2014-01-01,2014,1,0.0427
AT,Austria,GJ10000-99999,10 000-99 999 GJ,2014-S2,2014-07-01,2014,2,0.0401
AT,Austria,GJ10000-99999,10 000-99 999 GJ,2015-S1,2015-01-01,2015,1,0.0396
AT,Austria,GJ10000-99999,10 000-99 999 GJ,2015-S2,2015-07-01,2015,2,0.0378
AT,Austria,GJ10000-99999,10 000-99 999 GJ,2016-S1,2016-01-01,2016,1,0.0358
AT,Austria,GJ10000-99999,10 000-99 999 GJ,2016-S2,2016-07-01,2016,2,0.0341
AT,Austria,GJ10000-99999,10 000-99 999 GJ,2017-S1,2017-01-01,2017,1,0.0336
AT,Austria,GJ10000-99999,10 000-99 999 GJ,2017-S2,2017-07-01,2017,2,0.0332
AT,Austria,GJ10000-99999,10 000-99 999 GJ,2018-S1,2018-01-01,2018,1,0.0324
AT,Austria,GJ10000-99999,10 000-99 999 GJ,2018-S2,2018-07-01,2018,2,0.034
AT,Austria,GJ10000-99999,10 000-99 999 GJ,2019-S1,2019-01-01,2019,1,0.0327
AT,Austria,GJ10000-99999,10 000-99 999 GJ,2019-S2,2019-07-01,2019,2,0.031
AT,Austria,GJ10000-99999,10 000-99 999 GJ,2020-S1,2020-01-01,2020,1,0.0304
AT,Austria,GJ10000-99999,10 000-99 999 GJ,2020-S2,2020-07-01,2020,2,0.0299
AT,Austria,GJ10000-99999,10 000-99 999 GJ,2021-S1,2021-01-01,2021,1,0.0312
AT,Austria,GJ10000-99999,10 000-99 999 GJ,2021-S2,2021-07-01,2021,2,0.0476
AT,Austria,GJ10000-99999,10 000-99 999 GJ,2022-S1,2022-01-01,2022,1,0.0642
AT,Austria,GJ10000-99999,10 000-99 999 GJ,2022-S2,2022-07-01,2022,2,0.0842
AT,Austria,GJ10000-99999,10 000-99 999 GJ,2023-S1,2023-01-01,2023,1,0.0784
AT,Austria,GJ10000-99999,10 000-99 999 GJ,2023-S2,2023-07-01,2023,2,0.0613
AT,Austria,GJ10000-99999,10 000-99 999 GJ,2024-S1,2024-01-01,2024,1,0.0516
AT,Austria,GJ10000-99999,10 000-99 999 GJ,2024-S2,2024-07-01,2024,2,0.063
AT,Austria,GJ10000-99999,10 000-99 999 GJ,2025-S1,2025-01-01,2025,1,0.0695
AT,Austria,GJ10000-99999,10 000-99 999 GJ,2025-S2,2025-07-01,2025,2,0.0641
AT,Austria,GJ100000-999999,100 000-999 999 GJ,2009-S1,2009-01-01,2009,1,0.0262
AT,Austria,GJ100000-999999,100 000-999 999 GJ,2009-S2,2009-07-01,2009,2,0.0257
AT,Austria,GJ100000-999999,100 000-999 999 GJ,2010-S1,2010-01-01,2010,1,0.0247
AT,Austria,GJ100000-999999,100 000-999 999 GJ,2010-S2,2010-07-01,2010,2,0.0276
AT,Austria,GJ100000-999999,100 000-999 999 GJ,2011-S1,2011-01-01,2011,1,0.0293
AT,Austria,GJ100000-999999,100 000-999 999 GJ,2011-S2,2011-07-01,2011,2,0.0307
AT,Austria,GJ100000-999999,100 000-999 999 GJ,2012-S1,2012-01-01,2012,1,0.0367
AT,Austria,GJ100000-999999,100 000-999 999 GJ,2012-S2,2012-07-01,2012,2,0.038
AT,Austria,GJ100000-999999,100 000-999 999 GJ,2013-S1,2013-01-01,2013,1,0.0395
AT,Austria,GJ100000-999999,100 000-999 999 GJ,2013-S2,2013-07-01,2013,2,0.0364
AT,Austria,GJ100000-999999,100 000-999 999 GJ,2014-S1,2014-01-01,2014,1,0.0368
AT,Austria,GJ100000-999999,100 000-999 999 GJ,2014-S2,2014-07-01,2014,2,0.0339
AT,Austria,GJ100000-999999,100 000-999 999 GJ,2015-S1,2015-01-01,2015,1,0.0343
AT,Austria,GJ100000-999999,100 000-999 999 GJ,2015-S2,2015-07-01,2015,2,0.0324
AT,Austria,GJ100000-999999,100 000-999 999 GJ,2016-S1,2016-01-01,2016,1,0.0297
AT,Austria,GJ100000-999999,100 000-999 999 GJ,2016-S2,2016-07-01,2016,2,0.0284
AT,Austria,GJ100000-999999,100 000-999 999 GJ,2017-S1,2017-01-01,2017,1,0.0276
AT,Austria,GJ100000-999999,100 000-999 999 GJ,2017-S2,2017-07-01,2017,2,0.028
AT,Austria,GJ100000-999999,100 000-999 999 GJ,2018-S1,2018-01-01,2018,1,0.0266
AT,Austria,GJ100000-999999,100 000-999 999 GJ,2018-S2,2018-07-01,2018,2,0.03
AT,Austria,GJ100000-999999,100 000-999 999 GJ,2019-S1,2019-01-01,2019,1,0.0271
AT,Austria,GJ100000-999999,100 000-999 999 GJ,2019-S2,2019-07-01,2019,2,0.0253
AT,Austria,GJ100000-999999,100 000-999 999 GJ,2020-S1,2020-01-01,2020,1,0.0233
AT,Austria,GJ100000-999999,100 000-999 999 GJ,2020-S2,2020-07-01,2020,2,0.0241
AT,Austria,GJ100000-999999,100 000-999 999 GJ,2021-S1,2021-01-01,2021,1,0.0278
AT,Austria,GJ100000-999999,100 000-999 999 GJ,2021-S2,2021-07-01,2021,2,0.0476
AT,Austria,GJ100000-999999,100 000-999 999 GJ,2022-S1,2022-01-01,2022,1,0.0654
AT,Austria,GJ100000-999999,100 000-999 999 GJ,2022-S2,2022-07-01,2022,2,0.0873
AT,Austria,GJ100000-999999,100 000-999 999 GJ,2023-S1,2023-01-01,2023,1,0.0593
AT,Austria,GJ100000-999999,100 000-999 999 GJ,2023-S2,2023-07-01,2023,2,0.0486
AT,Austria,GJ100000-999999,100 000-999 999 GJ,2024-S1,2024-01-01,2024,1,0.0454
AT,Austria,GJ100000-999999,100 000-999 999 GJ,2024-S2,2024-07-01,2024,2,0.0538
AT,Austria,GJ100000-999999,100 000-999 999 GJ,2025-S1,2025-01-01,2025,1,0.0607
AT,Austria,GJ100000-999999,100 000-999 999 GJ,2025-S2,2025-07-01,2025,2,0.0532
AT,Austria,GJ_LT1000,< 1 000 GJ,2007-S2,2007-07-01,2007,2,0.0445
AT,Austria,GJ_LT1000,< 1 000 GJ,2009-S1,2009-01-01,2009,1,0.0464
AT,Austria,GJ_LT1000,< 1 000 GJ,2009-S2,2009-07-01,2009,2,0.0452
AT,Austria,GJ_LT1000,< 1 000 GJ,2010-S1,2010-01-01,2010,1,0.0448
AT,Austria,GJ_LT1000,< 1 000 GJ,2010-S2,2010-07-01,2010,2,0.046
AT,Austria,GJ_LT1000,< 1 000 GJ,2011-S1,2011-01-01,2011,1,0.0474
AT,Austria,GJ_LT1000,< 1 000 GJ,2011-S2,2011-07-01,2011,2,0.05
AT,Austria,GJ_LT1000,< 1 000 GJ,2012-S1,2012-01-01,2012,1,0.0556
AT,Austria,GJ_LT1000,< 1 000 GJ,2012-S2,2012-07-01,2012,2,0.0572
AT,Austria,GJ_LT1000,< 1 000 GJ,2013-S1,2013-01-01,2013,1,0.0581
AT,Austria,GJ_LT1000,< 1 000 GJ,2013-S2,2013-07-01,2013,2,0.0593
AT,Austria,GJ_LT1000,< 1 000 GJ,2014-S1,2014-01-01,2014,1,0.0585
AT,Austria,GJ_LT1000,< 1 000 GJ,2014-S2,2014-07-01,2014,2,0.0566
AT,Austria,GJ_LT1000,< 1 000 GJ,2015-S1,2015-01-01,2015,1,0.0558
AT,Austria,GJ_LT1000,< 1 000 GJ,2015-S2,2015-07-01,2015,2,0.0536
AT,Austria,GJ_LT1000,< 1 000 GJ,2016-S1,2016-01-01,2016,1,0.0535
AT,Austria,GJ_LT1000,< 1 000 GJ,2016-S2,2016-07-01,2016,2,0.0521
AT,Austria,GJ_LT1000,< 1 000 GJ,2017-S1,2017-01-01,2017,1,0.0497
AT,Austria,GJ_LT1000,< 1 000 GJ,2017-S2,2017-07-01,2017,2,0.0515
AT,Austria,GJ_LT1000,< 1 000 GJ,2018-S1,2018-01-01,2018,1,0.0498
AT,Austria,GJ_LT1000,< 1 000 GJ,2018-S2,2018-07-01,2018,2,0.0505
AT,Austria,GJ_LT1000,< 1 000 GJ,2019-S1,2019-01-01,2019,1,0.0489
AT,Austria,GJ_LT1000,< 1 000 GJ,2019-S2,2019-07-01,2019,2,0.0505
AT,Austria,GJ_LT1000,< 1 000 GJ,2020-S1,2020-01-01,2020,1,0.0481
AT,Austria,GJ_LT1000,< 1 000 GJ,2020-S2,2020-07-01,2020,2,0.047
AT,Austria,GJ_LT1000,< 1 000 GJ,2021-S1,2021-01-01,2021,1,0.0486
AT,Austria,GJ_LT1000,< 1 000 GJ,2021-S2,2021-07-01,2021,2,0.0547
AT,Austria,GJ_LT1000,< 1 000 GJ,2022-S1,2022-01-01,2022,1,0.0591
AT,Austria,GJ_LT1000,< 1 000 GJ,2022-S2,2022-07-01,2022,2,0.0779
AT,Austria,GJ_LT1000,< 1 000 GJ,2023-S1,2023-01-01,2023,1,0.1051
AT,Austria,GJ_LT1000,< 1 000 GJ,2023-S2,2023-07-01,2023,2,0.1138
AT,Austria,GJ_LT1000,< 1 000 GJ,2024-S1,2024-01-01,2024,1,0.1079
AT,Austria,GJ_LT1000,< 1 000 GJ,2024-S2,2024-07-01,2024,2,0.1013
AT,Austria,GJ_LT1000,< 1 000 GJ,2025-S1,2025-01-01,2025,1,0.0956
AT,Austria,GJ_LT1000,< 1 000 GJ,2025-S2,2025-07-01,2025,2,0.0946
CZ,Czechia,GJ1000-9999,1 000-9 999 GJ,2007-S2,2007-07-01,2007,2,0.0265
CZ,Czechia,GJ1000-9999,1 000-9 999 GJ,2008-S1,2008-01-01,2008,1,0.0336
CZ,Czechia,GJ1000-9999,1 000-9 999 GJ,2008-S2,2008-07-01,2008,2,0.0411
CZ,Czechia,GJ1000-9999,1 000-9 999 GJ,2009-S1,2009-01-01,2009,1,0.0373
CZ,Czechia,GJ1000-9999,1 000-9 999 GJ,2009-S2,2009-07-01,2009,2,0.0302
CZ,Czechia,GJ1000-9999,1 000-9 999 GJ,2010-S1,2010-01-01,2010,1,0.0318
CZ,Czechia,GJ1000-9999,1 000-9 999 GJ,2010-S2,2010-07-01,2010,2,0.0376
CZ,Czechia,GJ1000-9999,1 000-9 999 GJ,2011-S1,2011-01-01,2011,1,0.0385
CZ,Czechia,GJ1000-9999,1 000-9 999 GJ,2011-S2,2011-07-01,2011,2,0.041
CZ,Czechia,GJ1000-9999,1 000-9 999 GJ,2012-S1,2012-01-01,2012,1,0.0396
CZ,Czechia,GJ1000-9999,1 000-9 999 GJ,2012-S2,2012-07-01,2012,2,0.0395
CZ,Czechia,GJ1000-9999,1 000-9 999 GJ,2013-S1,2013-01-01,2013,1,0.0365
CZ,Czechia,GJ1000-9999,1 000-9 999 GJ,2013-S2,2013-07-01,2013,2,0.0362
CZ,Czechia,GJ1000-9999,1 000-9 999 GJ,2014-S1,2014-01-01,2014,1,0.0338
CZ,Czechia,GJ1000-9999,1 000-9 999 GJ,2014-S2,2014-07-01,2014,2,0.0356
CZ,Czechia,GJ1000-9999,1 000-9 999 GJ,2015-S1,2015-01-01,2015,1,0.0328
CZ,Czechia,GJ1000-9999,1 000-9 999 GJ,2015-S2,2015-07-01,2015,2,0.0323
CZ,Czechia,GJ1000-9999,1 000-9 999 GJ,2016-S1,2016-01-01,2016,1,0.0285
CZ,Czechia,GJ1000-9999,1 000-9 999 GJ,2016-S2,2016-07-01,2016,2,0.0289
CZ,Czechia,GJ1000-9999,1 000-9 999 GJ,2017-S1,2017-01-01,2017,1,0.0266
CZ,Czechia,GJ1000-9999,1 000-9 999 GJ,2017-S2,2017-07-01,2017,2,0.0281
CZ,Czechia,GJ1000-9999,1 000-9 999 GJ,2018-S1,2018-01-01,2018,1,0.0285
CZ,Czechia,GJ1000-9999,1 000-9 999 GJ,2018-S2,2018-07-01,2018,2,0.0284
CZ,Czechia,GJ1000-9999,1 000-9 999 GJ,2019-S1,2019-01-01,2019,1,0.031
CZ,Czechia,GJ1000-9999,1 000-9 999 GJ,2019-S2,2019-07-01,2019,2,0.0306
CZ,Czechia,GJ1000-9999,1 000-9 999 GJ,2020-S1,2020-01-01,2020,1,0.028
CZ,Czechia,GJ1000-9999,1 000-9 999 GJ,2020-S2,2020-07-01,2020,2,0.0283
CZ,Czechia,GJ1000-9999,1 000-9 999 GJ,2021-S1,2021-01-01,2021,1,0.0261
CZ,Czechia,GJ1000-9999,1 000-9 999 GJ,2021-S2,2021-07-01,2021,2,0.0309
CZ,Czechia,GJ1000-9999,1 000-9 999 GJ,2022-S1,2022-01-01,2022,1,0.0682
CZ,Czechia,GJ1000-9999,1 000-9 999 GJ,2022-S2,2022-07-01,2022,2,0.0823
CZ,Czechia,GJ1000-9999,1 000-9 999 GJ,2023-S1,2023-01-01,2023,1,0.0743
CZ,Czechia,GJ1000-9999,1 000-9 999 GJ,2023-S2,2023-07-01,2023,2,0.0676
CZ,Czechia,GJ1000-9999,1 000-9 999 GJ,2024-S1,2024-01-01,2024,1,0.0718
CZ,Czechia,GJ1000-9999,1 000-9 999 GJ,2024-S2,2024-07-01,2024,2,0.0702
CZ,Czechia,GJ1000-9999,1 000-9 999 GJ,2025-S1,2025-01-01,2025,1,0.0677
CZ,Czechia,GJ1000-9999,1 000-9 999 GJ,2025-S2,2025-07-01,2025,2,0.0715
CZ,Czechia,GJ10000-99999,10 000-99 999 GJ,2007-S2,2007-07-01,2007,2,0.0245
CZ,Czechia,GJ10000-99999,10 000-99 999 GJ,2008-S1,2008-01-01,2008,1,0.0319
CZ,Czechia,GJ10000-99999,10 000-99 999 GJ,2008-S2,2008-07-01,2008,2,0.0394
CZ,Czechia,GJ10000-99999,10 000-99 999 GJ,2009-S1,2009-01-01,2009,1,0.0335
CZ,Czechia,GJ10000-99999,10 000-99 999 GJ,2009-S2,2009-07-01,2009,2,0.0272
CZ,Czechia,GJ10000-99999,10 000-99 999 GJ,2010-S1,2010-01-01,2010,1,0.0308
CZ,Czechia,GJ10000-99999,10 000-99 999 GJ,2010-S2,2010-07-01,2010,2,0.0362
CZ,Czechia,GJ10000-99999,10 000-99 999 GJ,2011-S1,2011-01-01,2011,1,0.0313
CZ,Czechia,GJ10000-99999,10 000-99 999 GJ,2011-S2,2011-07-01,2011,2,0.0345
CZ,Czechia,GJ10000-99999,10 000-99 999 GJ,2012-S1,2012-01-01,2012,1,0.0335
CZ,Czechia,GJ10000-99999,10 000-99 999 GJ,2012-S2,2012-07-01,2012,2,0.0338
CZ,Czechia,GJ10000-99999,10 000-99 999 GJ,2013-S1,2013-01-01,2013,1,0.0336
CZ,Czechia,GJ10000-99999,10 000-99 999 GJ,2013-S2,2013-07-01,2013,2,0.0332
CZ,Czechia,GJ10000-99999,10 000-99 999 GJ,2014-S1,2014-01-01,2014,1,0.0315
CZ,Czechia,GJ10000-99999,10 000-99 999 GJ,2014-S2,2014-07-01,2014,2,0.0304
CZ,Czechia,GJ10000-99999,10 000-99 999 GJ,2015-S1,2015-01-01,2015,1,0.0297
CZ,Czechia,GJ10000-99999,10 000-99 999 GJ,2015-S2,2015-07-01,2015,2,0.0294
CZ,Czechia,GJ10000-99999,10 000-99 999 GJ,2016-S1,2016-01-01,2016,1,0.0262
CZ,Czechia,GJ10000-99999,10 000-99 999 GJ,2016-S2,2016-07-01,2016,2,0.0258
CZ,Czechia,GJ10000-99999,10 000-99 999 GJ,2017-S1,2017-01-01,2017,1,0.0238
CZ,Czechia,GJ10000-99999,10 000-99 999 GJ,2017-S2,2017-07-01,2017,2,0.0245
CZ,Czechia,GJ10000-99999,10 000-99 999 GJ,2018-S1,2018-01-01,2018,1,0.0256
CZ,Czechia,GJ10000-99999,10 000-99 999 GJ,2018-S2,2018-07-01,2018,2,0.0267
CZ,Czechia,GJ10000-99999,10 000-99 999 GJ,2019-S1,2019-01-01,2019,1,0.0293
CZ,Czechia,GJ10000-99999,10 000-99 999 GJ,2019-S2,2019-07-01,2019,2,0.0286
CZ,Czechia,GJ10000-99999,10 000-99 999 GJ,2020-S1,2020-01-01,2020,1,0.0254
CZ,Czechia,GJ10000-99999,10 000-99 999 GJ,2020-S2,2020-07-01,2020,2,0.0252
CZ,Czechia,GJ10000-99999,10 000-99 999 GJ,2021-S1,2021-01-01,2021,1,0.0251
CZ,Czechia,GJ10000-99999,10 000-99 999 GJ,2021-S2,2021-07-01,2021,2,0.0328
CZ,Czechia,GJ10000-99999,10 000-99 999 GJ,2022-S1,2022-01-01,2022,1,0.068
CZ,Czechia,GJ10000-99999,10 000-99 999 GJ,2022-S2,2022-07-01,2022,2,0.0822
CZ,Czechia,GJ10000-99999,10 000-99 999 GJ,2023-S1,2023-01-01,2023,1,0.0769
CZ,Czechia,GJ10000-99999,10 000-99 999 GJ,2023-S2,2023-07-01,2023,2,0.0696
CZ,Czechia,GJ10000-99999,10 000-99 999 GJ,2024-S1,2024-01-01,2024,1,0.0638
CZ,Czechia,GJ10000-99999,10 000-99 999 GJ,2024-S2,2024-07-01,2024,2,0.0643
CZ,Czechia,GJ10000-99999,10 000-99 999 GJ,2025-S1,2025-01-01,2025,1,0.0594
CZ,Czechia,GJ10000-99999,10 000-99 999 GJ,2025-S2,2025-07-01,2025,2,0.0568
CZ,Czechia,GJ100000-999999,100 000-999 999 GJ,2007-S2,2007-07-01,2007,2,0.0229
CZ,Czechia,GJ100000-999999,100 000-999 999 GJ,2008-S1,2008-01-01,2008,1,0.0296
CZ,Czechia,GJ100000-999999,100 000-999 999 GJ,2008-S2,2008-07-01,2008,2,0.0368
CZ,Czechia,GJ100000-999999,100 000-999 999 GJ,2009-S1,2009-01-01,2009,1,0.0304
CZ,Czechia,GJ100000-999999,100 000-999 999 GJ,2009-S2,2009-07-01,2009,2,0.0241
CZ,Czechia,GJ100000-999999,100 000-999 999 GJ,2010-S1,2010-01-01,2010,1,0.0273
CZ,Czechia,GJ100000-999999,100 000-999 999 GJ,2010-S2,2010-07-01,2010,2,0.0316
CZ,Czechia,GJ100000-999999,100 000-999 999 GJ,2011-S1,2011-01-01,2011,1,0.0294
CZ,Czechia,GJ100000-999999,100 000-999 999 GJ,2011-S2,2011-07-01,2011,2,0.0328
CZ,Czechia,GJ100000-999999,100 000-999 999 GJ,2012-S1,2012-01-01,2012,1,0.0319
CZ,Czechia,GJ100000-999999,100 000-999 999 GJ,2012-S2,2012-07-01,2012,2,0.0317
CZ,Czechia,GJ100000-999999,100 000-999 999 GJ,2013-S1,2013-01-01,2013,1,0.031
CZ,Czechia,GJ100000-999999,100 000-999 999 GJ,2013-S2,2013-07-01,2013,2,0.0305
CZ,Czechia,GJ100000-999999,100 000-999 999 GJ,2014-S1,2014-01-01,2014,1,0.0299
CZ,Czechia,GJ100000-999999,100 000-999 999 GJ,2014-S2,2014-07-01,2014,2,0.0281
CZ,Czechia,GJ100000-999999,100 000-999 999 GJ,2015-S1,2015-01-01,2015,1,0.0271
CZ,Czechia,GJ100000-999999,100 000-999 999 GJ,2015-S2,2015-07-01,2015,2,0.0264
CZ,Czechia,GJ100000-999999,100 000-999 999 GJ,2016-S1,2016-01-01,2016,1,0.0228
CZ,Czechia,GJ100000-999999,100 000-999 999 GJ,2016-S2,2016-07-01,2016,2,0.0226
CZ,Czechia,GJ100000-999999,100 000-999 999 GJ,2017-S1,2017-01-01,2017,1,0.0223
CZ,Czechia,GJ100000-999999,100 000-999 999 GJ,2017-S2,2017-07-01,2017,2,0.0235
CZ,Czechia,GJ100000-999999,100 000-999 999 GJ,2018-S1,2018-01-01,2018,1,0.0241
CZ,Czechia,GJ100000-999999,100 000-999 999 GJ,2018-S2,2018-07-01,2018,2,0.0258
CZ,Czechia,GJ100000-999999,100 000-999 999 GJ,2019-S1,2019-01-01,2019,1,0.026
CZ,Czechia,GJ100000-999999,100 000-999 999 GJ,2019-S2,2019-07-01,2019,2,0.0246
CZ,Czechia,GJ100000-999999,100 000-999 999 GJ,2020-S1,2020-01-01,2020,1,0.0226
CZ,Czechia,GJ100000-999999,100 000-999 999 GJ,2020-S2,2020-07-01,2020,2,0.0203
CZ,Czechia,GJ100000-999999,100 000-999 999 GJ,2021-S1,2021-01-01,2021,1,0.0236
CZ,Czechia,GJ100000-999999,100 000-999 999 GJ,2021-S2,2021-07-01,2021,2,0.0399
CZ,Czechia,GJ100000-999999,100 000-999 999 GJ,2022-S1,2022-01-01,2022,1,0.0731
CZ,Czechia,GJ100000-999999,100 000-999 999 GJ,2022-S2,2022-07-01,2022,2,0.0904
CZ,Czechia,GJ100000-999999,100 000-999 999 GJ,2023-S1,2023-01-01,2023,1,0.0766
CZ,Czechia,GJ100000-999999,100 000-999 999 GJ,2023-S2,2023-07-01,2023,2,0.066
CZ,Czechia,GJ100000-999999,100 000-999 999 GJ,2024-S1,2024-01-01,2024,1,0.0543
CZ,Czechia,GJ100000-999999,100 000-999 999 GJ,2024-S2,2024-07-01,2024,2,0.0564
CZ,Czechia,GJ100000-999999,100 000-999 999 GJ,2025-S1,2025-01-01,2025,1,0.0528
CZ,Czechia,GJ100000-999999,100 000-999 999 GJ,2025-S2,2025-07-01,2025,2,0.0484
CZ,Czechia,GJ_LT1000,< 1 000 GJ,2007-S2,2007-07-01,2007,2,0.0288
CZ,Czechia,GJ_LT1000,< 1 000 GJ,2008-S1,2008-01-01,2008,1,0.0367
CZ,Czechia,GJ_LT1000,< 1 000 GJ,2008-S2,2008-07-01,2008,2,0.0443
CZ,Czechia,GJ_LT1000,< 1 000 GJ,2009-S1,2009-01-01,2009,1,0.0413
CZ,Czechia,GJ_LT1000,< 1 000 GJ,2009-S2,2009-07-01,2009,2,0.0411
CZ,Czechia,GJ_LT1000,< 1 000 GJ,2010-S1,2010-01-01,2010,1,0.0384
CZ,Czechia,GJ_LT1000,< 1 000 GJ,2010-S2,2010-07-01,2010,2,0.0427
CZ,Czechia,GJ_LT1000,< 1 000 GJ,2011-S1,2011-01-01,2011,1,0.0446
CZ,Czechia,GJ_LT1000,< 1 000 GJ,2011-S2,2011-07-01,2011,2,0.0489
CZ,Czechia,GJ_LT1000,< 1 000 GJ,2012-S1,2012-01-01,2012,1,0.0497
CZ,Czechia,GJ_LT1000,< 1 000 GJ,2012-S2,2012-07-01,2012,2,0.0496
CZ,Czechia,GJ_LT1000,< 1 000 GJ,2013-S1,2013-01-01,2013,1,0.0455
CZ,Czechia,GJ_LT1000,< 1 000 GJ,2013-S2,2013-07-01,2013,2,0.0447
CZ,Czechia,GJ_LT1000,< 1 000 GJ,2014-S1,2014-01-01,2014,1,0.0393
CZ,Czechia,GJ_LT1000,< 1 000 GJ,2014-S2,2014-07-01,2014,2,0.0409
CZ,Czechia,GJ_LT1000,< 1 000 GJ,2015-S1,2015-01-01,2015,1,0.0402
CZ,Czechia,GJ_LT1000,< 1 000 GJ,2015-S2,2015-07-01,2015,2,0.0411
CZ,Czechia,GJ_LT1000,< 1 000 GJ,2016-S1,2016-01-01,2016,1,0.0381
CZ,Czechia,GJ_LT1000,< 1 000 GJ,2016-S2,2016-07-01,2016,2,0.0385
CZ,Czechia,GJ_LT1000,< 1 000 GJ,2017-S1,2017-01-01,2017,1,0.0337
CZ,Czechia,GJ_LT1000,< 1 000 GJ,2017-S2,2017-07-01,2017,2,0.0365
CZ,Czechia,GJ_LT1000,< 1 000 GJ,2018-S1,2018-01-01,2018,1,0.0347
CZ,Czechia,GJ_LT1000,< 1 000 GJ,2018-S2,2018-07-01,2018,2,0.0341
CZ,Czechia,GJ_LT1000,< 1 000 GJ,2019-S1,2019-01-01,2019,1,0.0349
CZ,Czechia,GJ_LT1000,< 1 000 GJ,2019-S2,2019-07-01,2019,2,0.0357
CZ,Czechia,GJ_LT1000,< 1 000 GJ,2020-S1,2020-01-01,2020,1,0.0337
CZ,Czechia,GJ_LT1000,< 1 000 GJ,2020-S2,2020-07-01,2020,2,0.0328
CZ,Czechia,GJ_LT1000,< 1 000 GJ,2021-S1,2021-01-01,2021,1,0.0302
CZ,Czechia,GJ_LT1000,< 1 000 GJ,2021-S2,2021-07-01,2021,2,0.0326
CZ,Czechia,GJ_LT1000,< 1 000 GJ,2022-S1,2022-01-01,2022,1,0.0548
CZ,Czechia,GJ_LT1000,< 1 000 GJ,2022-S2,2022-07-01,2022,2,0.0629
CZ,Czechia,GJ_LT1000,< 1 000 GJ,2023-S1,2023-01-01,2023,1,0.071
CZ,Czechia,GJ_LT1000,< 1 000 GJ,2023-S2,2023-07-01,2023,2,0.0683
CZ,Czechia,GJ_LT1000,< 1 000 GJ,2024-S1,2024-01-01,2024,1,0.072
CZ,Czechia,GJ_LT1000,< 1 000 GJ,2024-S2,2024-07-01,2024,2,0.0721
CZ,Czechia,GJ_LT1000,< 1 000 GJ,2025-S1,2025-01-01,2025,1,0.0717
CZ,Czechia,GJ_LT1000,< 1 000 GJ,2025-S2,2025-07-01,2025,2,0.077
EU27_2020,EU average,GJ1000-9999,1 000-9 999 GJ,2007-S1,2007-01-01,2007,1,0.0452
EU27_2020,EU average,GJ1000-9999,1 000-9 999 GJ,2007-S2,2007-07-01,2007,2,0.0369
EU27_2020,EU average,GJ1000-9999,1 000-9 999 GJ,2008-S1,2008-01-01,2008,1,0.0398
EU27_2020,EU average,GJ1000-9999,1 000-9 999 GJ,2008-S2,2008-07-01,2008,2,0.0454
EU27_2020,EU average,GJ1000-9999,1 000-9 999 GJ,2009-S1,2009-01-01,2009,1,0.0438
EU27_2020,EU average,GJ1000-9999,1 000-9 999 GJ,2009-S2,2009-07-01,2009,2,0.0378
EU27_2020,EU average,GJ1000-9999,1 000-9 999 GJ,2010-S1,2010-01-01,2010,1,0.0381
EU27_2020,EU average,GJ1000-9999,1 000-9 999 GJ,2010-S2,2010-07-01,2010,2,0.0411
EU27_2020,EU average,GJ1000-9999,1 000-9 999 GJ,2011-S1,2011-01-01,2011,1,0.042
EU27_2020,EU average,GJ1000-9999,1 000-9 999 GJ,2011-S2,2011-07-01,2011,2,0.0448
EU27_2020,EU average,GJ1000-9999,1 000-9 999 GJ,2012-S1,2012-01-01,2012,1,0.0472
EU27_2020,EU average,GJ1000-9999,1 000-9 999 GJ,2012-S2,2012-07-01,2012,2,0.0466
EU27_2020,EU average,GJ1000-9999,1 000-9 999 GJ,2013-S1,2013-01-01,2013,1,0.0506
EU27_2020,EU average,GJ1000-9999,1 000-9 999 GJ,2013-S2,2013-07-01,2013,2,0.0492
EU27_2020,EU average,GJ1000-9999,1 000-9 999 GJ,2014-S1,2014-01-01,2014,1,0.0479
EU27_2020,EU average,GJ1000-9999,1 000-9 999 GJ,2014-S2,2014-07-01,2014,2,0.0465
EU27_2020,EU average,GJ1000-9999,1 000-9 999 GJ,2015-S1,2015-01-01,2015,1,0.0445
EU27_2020,EU average,GJ1000-9999,1 000-9 999 GJ,2015-S2,2015-07-01,2015,2,0.0431
EU27_2020,EU average,GJ1000-9999,1 000-9 999 GJ,2016-S1,2016-01-01,2016,1,0.0392
EU27_2020,EU average,GJ1000-9999,1 000-9 999 GJ,2016-S2,2016-07-01,2016,2,0.0383
EU27_2020,EU average,GJ1000-9999,1 000-9 999 GJ,2017-S1,2017-01-01,2017,1,0.0383
EU27_2020,EU average,GJ1000-9999,1 000-9 999 GJ,2017-S2,2017-07-01,2017,2,0.0385
EU27_2020,EU average,GJ1000-9999,1 000-9 999 GJ,2018-S1,2018-01-01,2018,1,0.0392
EU27_2020,EU average,GJ1000-9999,1 000-9 999 GJ,2018-S2,2018-07-01,2018,2,0.042
EU27_2020,EU average,GJ1000-9999,1 000-9 999 GJ,2019-S1,2019-01-01,2019,1,0.0423
EU27_2020,EU average,GJ1000-9999,1 000-9 999 GJ,2019-S2,2019-07-01,2019,2,0.0421
EU27_2020,EU average,GJ1000-9999,1 000-9 999 GJ,2020-S1,2020-01-01,2020,1,0.0408
EU27_2020,EU average,GJ1000-9999,1 000-9 999 GJ,2020-S2,2020-07-01,2020,2,0.0404
EU27_2020,EU average,GJ1000-9999,1 000-9 999 GJ,2021-S1,2021-01-01,2021,1,0.0404
EU27_2020,EU average,GJ1000-9999,1 000-9 999 GJ,2021-S2,2021-07-01,2021,2,0.0519
EU27_2020,EU average,GJ1000-9999,1 000-9 999 GJ,2022-S1,2022-01-01,2022,1,0.0706
EU27_2020,EU average,GJ1000-9999,1 000-9 999 GJ,2022-S2,2022-07-01,2022,2,0.0942
EU27_2020,EU average,GJ1000-9999,1 000-9 999 GJ,2023-S1,2023-01-01,2023,1,0.0975
EU27_2020,EU average,GJ1000-9999,1 000-9 999 GJ,2023-S2,2023-07-01,2023,2,0.0872
EU27_2020,EU average,GJ1000-9999,1 000-9 999 GJ,2024-S1,2024-01-01,2024,1,0.0785
EU27_2020,EU average,GJ1000-9999,1 000-9 999 GJ,2024-S2,2024-07-01,2024,2,0.0842
EU27_2020,EU average,GJ1000-9999,1 000-9 999 GJ,2025-S1,2025-01-01,2025,1,0.082
EU27_2020,EU average,GJ1000-9999,1 000-9 999 GJ,2025-S2,2025-07-01,2025,2,0.0782
EU27_2020,EU average,GJ10000-99999,10 000-99 999 GJ,2007-S1,2007-01-01,2007,1,0.0334
EU27_2020,EU average,GJ10000-99999,10 000-99 999 GJ,2007-S2,2007-07-01,2007,2,0.0316
EU27_2020,EU average,GJ10000-99999,10 000-99 999 GJ,2008-S1,2008-01-01,2008,1,0.0354
EU27_2020,EU average,GJ10000-99999,10 000-99 999 GJ,2008-S2,2008-07-01,2008,2,0.0405
EU27_2020,EU average,GJ10000-99999,10 000-99 999 GJ,2009-S1,2009-01-01,2009,1,0.0371
EU27_2020,EU average,GJ10000-99999,10 000-99 999 GJ,2009-S2,2009-07-01,2009,2,0.031
EU27_2020,EU average,GJ10000-99999,10 000-99 999 GJ,2010-S1,2010-01-01,2010,1,0.0321
EU27_2020,EU average,GJ10000-99999,10 000-99 999 GJ,2010-S2,2010-07-01,2010,2,0.0339
EU27_2020,EU average,GJ10000-99999,10 000-99 999 GJ,2011-S1,2011-01-01,2011,1,0.0349
EU27_2020,EU average,GJ10000-99999,10 000-99 999 GJ,2011-S2,2011-07-01,2011,2,0.0366
EU27_2020,EU average,GJ10000-99999,10 000-99 999 GJ,2012-S1,2012-01-01,2012,1,0.0383
EU27_2020,EU average,GJ10000-99999,10 000-99 999 GJ,2012-S2,2012-07-01,2012,2,0.0387
EU27_2020,EU average,GJ10000-99999,10 000-99 999 GJ,2013-S1,2013-01-01,2013,1,0.042
EU27_2020,EU average,GJ10000-99999,10 000-99 999 GJ,2013-S2,2013-07-01,2013,2,0.0403
EU27_2020,EU average,GJ10000-99999,10 000-99 999 GJ,2014-S1,2014-01-01,2014,1,0.0397
EU27_2020,EU average,GJ10000-99999,10 000-99 999 GJ,2014-S2,2014-07-01,2014,2,0.037
EU27_2020,EU average,GJ10000-99999,10 000-99 999 GJ,2015-S1,2015-01-01,2015,1,0.0369
EU27_2020,EU average,GJ10000-99999,10 000-99 999 GJ,2015-S2,2015-07-01,2015,2,0.0343
EU27_2020,EU average,GJ10000-99999,10 000-99 999 GJ,2016-S1,2016-01-01,2016,1,0.032
EU27_2020,EU average,GJ10000-99999,10 000-99 999 GJ,2016-S2,2016-07-01,2016,2,0.0306
EU27_2020,EU average,GJ10000-99999,10 000-99 999 GJ,2017-S1,2017-01-01,2017,1,0.0302
EU27_2020,EU average,GJ10000-99999,10 000-99 999 GJ,2017-S2,2017-07-01,2017,2,0.029
EU27_2020,EU average,GJ10000-99999,10 000-99 999 GJ,2018-S1,2018-01-01,2018,1,0.0313
EU27_2020,EU average,GJ10000-99999,10 000-99 999 GJ,2018-S2,2018-07-01,2018,2,0.0318
EU27_2020,EU average,GJ10000-99999,10 000-99 999 GJ,2019-S1,2019-01-01,2019,1,0.0335
EU27_2020,EU average,GJ10000-99999,10 000-99 999 GJ,2019-S2,2019-07-01,2019,2,0.031
EU27_2020,EU average,GJ10000-99999,10 000-99 999 GJ,2020-S1,2020-01-01,2020,1,0.0304
EU27_2020,EU average,GJ10000-99999,10 000-99 999 GJ,2020-S2,2020-07-01,2020,2,0.0281
EU27_2020,EU average,GJ10000-99999,10 000-99 999 GJ,2021-S1,2021-01-01,2021,1,0.0302
EU27_2020,EU average,GJ10000-99999,10 000-99 999 GJ,2021-S2,2021-07-01,2021,2,0.0419
EU27_2020,EU average,GJ10000-99999,10 000-99 999 GJ,2022-S1,2022-01-01,2022,1,0.0656
EU27_2020,EU average,GJ10000-99999,10 000-99 999 GJ,2022-S2,2022-07-01,2022,2,0.0867
EU27_2020,EU average,GJ10000-99999,10 000-99 999 GJ,2023-S1,2023-01-01,2023,1,0.0824
EU27_2020,EU average,GJ10000-99999,10 000-99 999 GJ,2023-S2,2023-07-01,2023,2,0.0691
EU27_2020,EU average,GJ10000-99999,10 000-99 999 GJ,2024-S1,2024-01-01,2024,1,0.0619
EU27_2020,EU average,GJ10000-99999,10 000-99 999 GJ,2024-S2,2024-07-01,2024,2,0.064
EU27_2020,EU average,GJ10000-99999,10 000-99 999 GJ,2025-S1,2025-01-01,2025,1,0.066
EU27_2020,EU average,GJ10000-99999,10 000-99 999 GJ,2025-S2,2025-07-01,2025,2,0.0605
EU27_2020,EU average,GJ100000-999999,100 000-999 999 GJ,2007-S1,2007-01-01,2007,1,0.0273
EU27_2020,EU average,GJ100000-999999,100 000-999 999 GJ,2007-S2,2007-07-01,2007,2,0.0271
EU27_2020,EU average,GJ100000-999999,100 000-999 999 GJ,2008-S1,2008-01-01,2008,1,0.0309
EU27_2020,EU average,GJ100000-999999,100 000-999 999 GJ,2008-S2,2008-07-01,2008,2,0.0356
EU27_2020,EU average,GJ100000-999999,100 000-999 999 GJ,2009-S1,2009-01-01,2009,1,0.0314
EU27_2020,EU average,GJ100000-999999,100 000-999 999 GJ,2009-S2,2009-07-01,2009,2,0.0275
EU27_2020,EU average,GJ100000-999999,100 000-999 999 GJ,2010-S1,2010-01-01,2010,1,0.0278
EU27_2020,EU average,GJ100000-999999,100 000-999 999 GJ,2010-S2,2010-07-01,2010,2,0.029
EU27_2020,EU average,GJ100000-999999,100 000-999 999 GJ,2011-S1,2011-01-01,2011,1,0.0301
EU27_2020,EU average,GJ100000-999999,100 000-999 999 GJ,2011-S2,2011-07-01,2011,2,0.0316
EU27_2020,EU average,GJ100000-999999,100 000-999 999 GJ,2012-S1,2012-01-01,2012,1,0.0332
EU27_2020,EU average,GJ100000-999999,100 000-999 999 GJ,2012-S2,2012-07-01,2012,2,0.0338
EU27_2020,EU average,GJ100000-999999,100 000-999 999 GJ,2013-S1,2013-01-01,2013,1,0.0346
EU27_2020,EU average,GJ100000-999999,100 000-999 999 GJ,2013-S2,2013-07-01,2013,2,0.0344
EU27_2020,EU average,GJ100000-999999,100 000-999 999 GJ,2014-S1,2014-01-01,2014,1,0.0328
EU27_2020,EU average,GJ100000-999999,100 000-999 999 GJ,2014-S2,2014-07-01,2014,2,0.031
EU27_2020,EU average,GJ100000-999999,100 000-999 999 GJ,2015-S1,2015-01-01,2015,1,0.0306
EU27_2020,EU average,GJ100000-999999,100 000-999 999 GJ,2015-S2,2015-07-01,2015,2,0.0287
EU27_2020,EU average,GJ100000-999999,100 000-999 999 GJ,2016-S1,2016-01-01,2016,1,0.0251
EU27_2020,EU average,GJ100000-999999,100 000-999 999 GJ,2016-S2,2016-07-01,2016,2,0.0244
EU27_2020,EU average,GJ100000-999999,100 000-999 999 GJ,2017-S1,2017-01-01,2017,1,0.0245
EU27_2020,EU average,GJ100000-999999,100 000-999 999 GJ,2017-S2,2017-07-01,2017,2,0.0237
EU27_2020,EU average,GJ100000-999999,100 000-999 999 GJ,2018-S1,2018-01-01,2018,1,0.0254
EU27_2020,EU average,GJ100000-999999,100 000-999 999 GJ,2018-S2,2018-07-01,2018,2,0.0266
EU27_2020,EU average,GJ100000-999999,100 000-999 999 GJ,2019-S1,2019-01-01,2019,1,0.027
EU27_2020,EU average,GJ100000-999999,100 000-999 999 GJ,2019-S2,2019-07-01,2019,2,0.0245
EU27_2020,EU average,GJ100000-999999,100 000-999 999 GJ,2020-S1,2020-01-01,2020,1,0.0226
EU27_2020,EU average,GJ100000-999999,100 000-999 999 GJ,2020-S2,2020-07-01,2020,2,0.0214
EU27_2020,EU average,GJ100000-999999,100 000-999 999 GJ,2021-S1,2021-01-01,2021,1,0.0244
EU27_2020,EU average,GJ100000-999999,100 000-999 999 GJ,2021-S2,2021-07-01,2021,2,0.0419
EU27_2020,EU average,GJ100000-999999,100 000-999 999 GJ,2022-S1,2022-01-01,2022,1,0.0655
EU27_2020,EU average,GJ100000-999999,100 000-999 999 GJ,2022-S2,2022-07-01,2022,2,0.0865
EU27_2020,EU average,GJ100000-999999,100 000-999 999 GJ,2023-S1,2023-01-01,2023,1,0.0735
EU27_2020,EU average,GJ100000-999999,100 000-999 999 GJ,2023-S2,2023-07-01,2023,2,0.06
EU27_2020,EU average,GJ100000-999999,100 000-999 999 GJ,2024-S1,2024-01-01,2024,1,0.05
EU27_2020,EU average,GJ100000-999999,100 000-999 999 GJ,2024-S2,2024-07-01,2024,2,0.0523
EU27_2020,EU average,GJ100000-999999,100 000-999 999 GJ,2025-S1,2025-01-01,2025,1,0.0545
EU27_2020,EU average,GJ100000-999999,100 000-999 999 GJ,2025-S2,2025-07-01,2025,2,0.0483
EU27_2020,EU average,GJ_LT1000,< 1 000 GJ,2007-S1,2007-01-01,2007,1,0.05
EU27_2020,EU average,GJ_LT1000,< 1 000 GJ,2007-S2,2007-07-01,2007,2,0.0411
EU27_2020,EU average,GJ_LT1000,< 1 000 GJ,2008-S1,2008-01-01,2008,1,0.0436
EU27_2020,EU average,GJ_LT1000,< 1 000 GJ,2008-S2,2008-07-01,2008,2,0.0498
EU27_2020,EU average,GJ_LT1000,< 1 000 GJ,2009-S1,2009-01-01,2009,1,0.0478
EU27_2020,EU average,GJ_LT1000,< 1 000 GJ,2009-S2,2009-07-01,2009,2,0.044
EU27_2020,EU average,GJ_LT1000,< 1 000 GJ,2010-S1,2010-01-01,2010,1,0.0426
EU27_2020,EU average,GJ_LT1000,< 1 000 GJ,2010-S2,2010-07-01,2010,2,0.0462
EU27_2020,EU average,GJ_LT1000,< 1 000 GJ,2011-S1,2011-01-01,2011,1,0.0467
EU27_2020,EU average,GJ_LT1000,< 1 000 GJ,2011-S2,2011-07-01,2011,2,0.0506
EU27_2020,EU average,GJ_LT1000,< 1 000 GJ,2012-S1,2012-01-01,2012,1,0.0527
EU27_2020,EU average,GJ_LT1000,< 1 000 GJ,2012-S2,2012-07-01,2012,2,0.0561
EU27_2020,EU average,GJ_LT1000,< 1 000 GJ,2013-S1,2013-01-01,2013,1,0.0545
EU27_2020,EU average,GJ_LT1000,< 1 000 GJ,2013-S2,2013-07-01,2013,2,0.0563
EU27_2020,EU average,GJ_LT1000,< 1 000 GJ,2014-S1,2014-01-01,2014,1,0.0527
EU27_2020,EU average,GJ_LT1000,< 1 000 GJ,2014-S2,2014-07-01,2014,2,0.0538
EU27_2020,EU average,GJ_LT1000,< 1 000 GJ,2015-S1,2015-01-01,2015,1,0.0513
EU27_2020,EU average,GJ_LT1000,< 1 000 GJ,2015-S2,2015-07-01,2015,2,0.0514
EU27_2020,EU average,GJ_LT1000,< 1 000 GJ,2016-S1,2016-01-01,2016,1,0.0472
EU27_2020,EU average,GJ_LT1000,< 1 000 GJ,2016-S2,2016-07-01,2016,2,0.0474
EU27_2020,EU average,GJ_LT1000,< 1 000 GJ,2017-S1,2017-01-01,2017,1,0.045
EU27_2020,EU average,GJ_LT1000,< 1 000 GJ,2017-S2,2017-07-01,2017,2,0.0463
EU27_2020,EU average,GJ_LT1000,< 1 000 GJ,2018-S1,2018-01-01,2018,1,0.0452
EU27_2020,EU average,GJ_LT1000,< 1 000 GJ,2018-S2,2018-07-01,2018,2,0.0491
EU27_2020,EU average,GJ_LT1000,< 1 000 GJ,2019-S1,2019-01-01,2019,1,0.0485
EU27_2020,EU average,GJ_LT1000,< 1 000 GJ,2019-S2,2019-07-01,2019,2,0.0498
EU27_2020,EU average,GJ_LT1000,< 1 000 GJ,2020-S1,2020-01-01,2020,1,0.0483
EU27_2020,EU average,GJ_LT1000,< 1 000 GJ,2020-S2,2020-07-01,2020,2,0.0486
EU27_2020,EU average,GJ_LT1000,< 1 000 GJ,2021-S1,2021-01-01,2021,1,0.0475
EU27_2020,EU average,GJ_LT1000,< 1 000 GJ,2021-S2,2021-07-01,2021,2,0.0628
EU27_2020,EU average,GJ_LT1000,< 1 000 GJ,2022-S1,2022-01-01,2022,1,0.0781
EU27_2020,EU average,GJ_LT1000,< 1 000 GJ,2022-S2,2022-07-01,2022,2,0.1051
EU27_2020,EU average,GJ_LT1000,< 1 000 GJ,2023-S1,2023-01-01,2023,1,0.1032
EU27_2020,EU average,GJ_LT1000,< 1 000 GJ,2023-S2,2023-07-01,2023,2,0.096
EU27_2020,EU average,GJ_LT1000,< 1 000 GJ,2024-S1,2024-01-01,2024,1,0.0884
EU27_2020,EU average,GJ_LT1000,< 1 000 GJ,2024-S2,2024-07-01,2024,2,0.0914
EU27_2020,EU average,GJ_LT1000,< 1 000 GJ,2025-S1,2025-01-01,2025,1,0.0907
EU27_2020,EU average,GJ_LT1000,< 1 000 GJ,2025-S2,2025-07-01,2025,2,0.089
DE,Germany,GJ1000-9999,1 000-9 999 GJ,2007-S2,2007-07-01,2007,2,0.0414
DE,Germany,GJ1000-9999,1 000-9 999 GJ,2008-S1,2008-01-01,2008,1,0.0482
DE,Germany,GJ1000-9999,1 000-9 999 GJ,2008-S2,2008-07-01,2008,2,0.0533
DE,Germany,GJ1000-9999,1 000-9 999 GJ,2009-S1,2009-01-01,2009,1,0.0462
DE,Germany,GJ1000-9999,1 000-9 999 GJ,2009-S2,2009-07-01,2009,2,0.0391
DE,Germany,GJ1000-9999,1 000-9 999 GJ,2010-S1,2010-01-01,2010,1,0.0424
DE,Germany,GJ1000-9999,1 000-9 999 GJ,2010-S2,2010-07-01,2010,2,0.0447
DE,Germany,GJ1000-9999,1 000-9 999 GJ,2011-S1,2011-01-01,2011,1,0.0468
DE,Germany,GJ1000-9999,1 000-9 999 GJ,2011-S2,2011-07-01,2011,2,0.0443
DE,Germany,GJ1000-9999,1 000-9 999 GJ,2012-S1,2012-01-01,2012,1,0.046
DE,Germany,GJ1000-9999,1 000-9 999 GJ,2012-S2,2012-07-01,2012,2,0.0396
DE,Germany,GJ1000-9999,1 000-9 999 GJ,2013-S1,2013-01-01,2013,1,0.0529
DE,Germany,GJ1000-9999,1 000-9 999 GJ,2013-S2,2013-07-01,2013,2,0.0511
DE,Germany,GJ1000-9999,1 000-9 999 GJ,2014-S1,2014-01-01,2014,1,0.0494
DE,Germany,GJ1000-9999,1 000-9 999 GJ,2014-S2,2014-07-01,2014,2,0.0461
DE,Germany,GJ1000-9999,1 000-9 999 GJ,2015-S1,2015-01-01,2015,1,0.0437
DE,Germany,GJ1000-9999,1 000-9 999 GJ,2015-S2,2015-07-01,2015,2,0.0417
DE,Germany,GJ1000-9999,1 000-9 999 GJ,2016-S1,2016-01-01,2016,1,0.0355
DE,Germany,GJ1000-9999,1 000-9 999 GJ,2016-S2,2016-07-01,2016,2,0.0348
DE,Germany,GJ1000-9999,1 000-9 999 GJ,2017-S1,2017-01-01,2017,1,0.0354
DE,Germany,GJ1000-9999,1 000-9 999 GJ,2017-S2,2017-07-01,2017,2,0.0344
DE,Germany,GJ1000-9999,1 000-9 999 GJ,2018-S1,2018-01-01,2018,1,0.0364
DE,Germany,GJ1000-9999,1 000-9 999 GJ,2018-S2,2018-07-01,2018,2,0.0378
DE,Germany,GJ1000-9999,1 000-9 999 GJ,2019-S1,2019-01-01,2019,1,0.0362
DE,Germany,GJ1000-9999,1 000-9 999 GJ,2019-S2,2019-07-01,2019,2,0.0372
DE,Germany,GJ1000-9999,1 000-9 999 GJ,2020-S1,2020-01-01,2020,1,0.037
DE,Germany,GJ1000-9999,1 000-9 999 GJ,2020-S2,2020-07-01,2020,2,0.037
DE,Germany,GJ1000-9999,1 000-9 999 GJ,2021-S1,2021-01-01,2021,1,0.0405
DE,Germany,GJ1000-9999,1 000-9 999 GJ,2021-S2,2021-07-01,2021,2,0.0445
DE,Germany,GJ1000-9999,1 000-9 999 GJ,2022-S1,2022-01-01,2022,1,0.0554
DE,Germany,GJ1000-9999,1 000-9 999 GJ,2022-S2,2022-07-01,2022,2,0.0655
DE,Germany,GJ1000-9999,1 000-9 999 GJ,2023-S1,2023-01-01,2023,1,0.0974
DE,Germany,GJ1000-9999,1 000-9 999 GJ,2023-S2,2023-07-01,2023,2,0.0886
DE,Germany,GJ1000-9999,1 000-9 999 GJ,2024-S1,2024-01-01,2024,1,0.0816
DE,Germany,GJ1000-9999,1 000-9 999 GJ,2024-S2,2024-07-01,2024,2,0.0863
DE,Germany,GJ1000-9999,1 000-9 999 GJ,2025-S1,2025-01-01,2025,1,0.0859
DE,Germany,GJ1000-9999,1 000-9 999 GJ,2025-S2,2025-07-01,2025,2,0.086
DE,Germany,GJ10000-99999,10 000-99 999 GJ,2007-S2,2007-07-01,2007,2,0.0388
DE,Germany,GJ10000-99999,10 000-99 999 GJ,2008-S1,2008-01-01,2008,1,0.0446
DE,Germany,GJ10000-99999,10 000-99 999 GJ,2008-S2,2008-07-01,2008,2,0.0497
DE,Germany,GJ10000-99999,10 000-99 999 GJ,2009-S1,2009-01-01,2009,1,0.0431
DE,Germany,GJ10000-99999,10 000-99 999 GJ,2009-S2,2009-07-01,2009,2,0.0346
DE,Germany,GJ10000-99999,10 000-99 999 GJ,2010-S1,2010-01-01,2010,1,0.0364
DE,Germany,GJ10000-99999,10 000-99 999 GJ,2010-S2,2010-07-01,2010,2,0.0399
DE,Germany,GJ10000-99999,10 000-99 999 GJ,2011-S1,2011-01-01,2011,1,0.0402
DE,Germany,GJ10000-99999,10 000-99 999 GJ,2011-S2,2011-07-01,2011,2,0.0405
DE,Germany,GJ10000-99999,10 000-99 999 GJ,2012-S1,2012-01-01,2012,1,0.0374
DE,Germany,GJ10000-99999,10 000-99 999 GJ,2012-S2,2012-07-01,2012,2,0.0384
DE,Germany,GJ10000-99999,10 000-99 999 GJ,2013-S1,2013-01-01,2013,1,0.0478
DE,Germany,GJ10000-99999,10 000-99 999 GJ,2013-S2,2013-07-01,2013,2,0.0479
DE,Germany,GJ10000-99999,10 000-99 999 GJ,2014-S1,2014-01-01,2014,1,0.0449
DE,Germany,GJ10000-99999,10 000-99 999 GJ,2014-S2,2014-07-01,2014,2,0.0401
DE,Germany,GJ10000-99999,10 000-99 999 GJ,2015-S1,2015-01-01,2015,1,0.0395
DE,Germany,GJ10000-99999,10 000-99 999 GJ,2015-S2,2015-07-01,2015,2,0.0377
DE,Germany,GJ10000-99999,10 000-99 999 GJ,2016-S1,2016-01-01,2016,1,0.0339
DE,Germany,GJ10000-99999,10 000-99 999 GJ,2016-S2,2016-07-01,2016,2,0.0332
DE,Germany,GJ10000-99999,10 000-99 999 GJ,2017-S1,2017-01-01,2017,1,0.0317
DE,Germany,GJ10000-99999,10 000-99 999 GJ,2017-S2,2017-07-01,2017,2,0.0307
DE,Germany,GJ10000-99999,10 000-99 999 GJ,2018-S1,2018-01-01,2018,1,0.0317
DE,Germany,GJ10000-99999,10 000-99 999 GJ,2018-S2,2018-07-01,2018,2,0.0315
DE,Germany,GJ10000-99999,10 000-99 999 GJ,2019-S1,2019-01-01,2019,1,0.0318
DE,Germany,GJ10000-99999,10 000-99 999 GJ,2019-S2,2019-07-01,2019,2,0.03
DE,Germany,GJ10000-99999,10 000-99 999 GJ,2020-S1,2020-01-01,2020,1,0.0289
DE,Germany,GJ10000-99999,10 000-99 999 GJ,2020-S2,2020-07-01,2020,2,0.0289
DE,Germany,GJ10000-99999,10 000-99 999 GJ,2021-S1,2021-01-01,2021,1,0.0319
DE,Germany,GJ10000-99999,10 000-99 999 GJ,2021-S2,2021-07-01,2021,2,0.0379
DE,Germany,GJ10000-99999,10 000-99 999 GJ,2022-S1,2022-01-01,2022,1,0.0533
DE,Germany,GJ10000-99999,10 000-99 999 GJ,2022-S2,2022-07-01,2022,2,0.0613
DE,Germany,GJ10000-99999,10 000-99 999 GJ,2023-S1,2023-01-01,2023,1,0.0808
DE,Germany,GJ10000-99999,10 000-99 999 GJ,2023-S2,2023-07-01,2023,2,0.0742
DE,Germany,GJ10000-99999,10 000-99 999 GJ,2024-S1,2024-01-01,2024,1,0.0678
DE,Germany,GJ10000-99999,10 000-99 999 GJ,2024-S2,2024-07-01,2024,2,0.0713
DE,Germany,GJ10000-99999,10 000-99 999 GJ,2025-S1,2025-01-01,2025,1,0.0723
DE,Germany,GJ10000-99999,10 000-99 999 GJ,2025-S2,2025-07-01,2025,2,0.0713
DE,Germany,GJ100000-999999,100 000-999 999 GJ,2007-S2,2007-07-01,2007,2,0.0312
DE,Germany,GJ100000-999999,100 000-999 999 GJ,2008-S1,2008-01-01,2008,1,0.0374
DE,Germany,GJ100000-999999,100 000-999 999 GJ,2008-S2,2008-07-01,2008,2,0.0409
DE,Germany,GJ100000-999999,100 000-999 999 GJ,2009-S1,2009-01-01,2009,1,0.0359
DE,Germany,GJ100000-999999,100 000-999 999 GJ,2009-S2,2009-07-01,2009,2,0.0329
DE,Germany,GJ100000-999999,100 000-999 999 GJ,2010-S1,2010-01-01,2010,1,0.0332
DE,Germany,GJ100000-999999,100 000-999 999 GJ,2010-S2,2010-07-01,2010,2,0.0348
DE,Germany,GJ100000-999999,100 000-999 999 GJ,2011-S1,2011-01-01,2011,1,0.0361
DE,Germany,GJ100000-999999,100 000-999 999 GJ,2011-S2,2011-07-01,2011,2,0.0362
DE,Germany,GJ100000-999999,100 000-999 999 GJ,2012-S1,2012-01-01,2012,1,0.0345
DE,Germany,GJ100000-999999,100 000-999 999 GJ,2012-S2,2012-07-01,2012,2,0.0349
DE,Germany,GJ100000-999999,100 000-999 999 GJ,2013-S1,2013-01-01,2013,1,0.0371
DE,Germany,GJ100000-999999,100 000-999 999 GJ,2013-S2,2013-07-01,2013,2,0.038
DE,Germany,GJ100000-999999,100 000-999 999 GJ,2014-S1,2014-01-01,2014,1,0.0354
DE,Germany,GJ100000-999999,100 000-999 999 GJ,2014-S2,2014-07-01,2014,2,0.0319
DE,Germany,GJ100000-999999,100 000-999 999 GJ,2015-S1,2015-01-01,2015,1,0.0316
DE,Germany,GJ100000-999999,100 000-999 999 GJ,2015-S2,2015-07-01,2015,2,0.0299
DE,Germany,GJ100000-999999,100 000-999 999 GJ,2016-S1,2016-01-01,2016,1,0.0265
DE,Germany,GJ100000-999999,100 000-999 999 GJ,2016-S2,2016-07-01,2016,2,0.0264
DE,Germany,GJ100000-999999,100 000-999 999 GJ,2017-S1,2017-01-01,2017,1,0.0261
DE,Germany,GJ100000-999999,100 000-999 999 GJ,2017-S2,2017-07-01,2017,2,0.0255
DE,Germany,GJ100000-999999,100 000-999 999 GJ,2018-S1,2018-01-01,2018,1,0.0257
DE,Germany,GJ100000-999999,100 000-999 999 GJ,2018-S2,2018-07-01,2018,2,0.0265
DE,Germany,GJ100000-999999,100 000-999 999 GJ,2019-S1,2019-01-01,2019,1,0.0268
DE,Germany,GJ100000-999999,100 000-999 999 GJ,2019-S2,2019-07-01,2019,2,0.025
DE,Germany,GJ100000-999999,100 000-999 999 GJ,2020-S1,2020-01-01,2020,1,0.023
DE,Germany,GJ100000-999999,100 000-999 999 GJ,2020-S2,2020-07-01,2020,2,0.0234
DE,Germany,GJ100000-999999,100 000-999 999 GJ,2021-S1,2021-01-01,2021,1,0.0265
DE,Germany,GJ100000-999999,100 000-999 999 GJ,2021-S2,2021-07-01,2021,2,0.0385
DE,Germany,GJ100000-999999,100 000-999 999 GJ,2022-S1,2022-01-01,2022,1,0.0554
DE,Germany,GJ100000-999999,100 000-999 999 GJ,2022-S2,2022-07-01,2022,2,0.0703
DE,Germany,GJ100000-999999,100 000-999 999 GJ,2023-S1,2023-01-01,2023,1,0.0745
DE,Germany,GJ100000-999999,100 000-999 999 GJ,2023-S2,2023-07-01,2023,2,0.0684
DE,Germany,GJ100000-999999,100 000-999 999 GJ,2024-S1,2024-01-01,2024,1,0.0554
DE,Germany,GJ100000-999999,100 000-999 999 GJ,2024-S2,2024-07-01,2024,2,0.0586
DE,Germany,GJ100000-999999,100 000-999 999 GJ,2025-S1,2025-01-01,2025,1,0.0586
DE,Germany,GJ100000-999999,100 000-999 999 GJ,2025-S2,2025-07-01,2025,2,0.0546
DE,Germany,GJ_LT1000,< 1 000 GJ,2007-S2,2007-07-01,2007,2,0.0462
DE,Germany,GJ_LT1000,< 1 000 GJ,2008-S1,2008-01-01,2008,1,0.0505
DE,Germany,GJ_LT1000,< 1 000 GJ,2008-S2,2008-07-01,2008,2,0.0556
DE,Germany,GJ_LT1000,< 1 000 GJ,2009-S1,2009-01-01,2009,1,0.0475
DE,Germany,GJ_LT1000,< 1 000 GJ,2009-S2,2009-07-01,2009,2,0.0413
DE,Germany,GJ_LT1000,< 1 000 GJ,2010-S1,2010-01-01,2010,1,0.0433
DE,Germany,GJ_LT1000,< 1 000 GJ,2010-S2,2010-07-01,2010,2,0.0471
DE,Germany,GJ_LT1000,< 1 000 GJ,2011-S1,2011-01-01,2011,1,0.0486
DE,Germany,GJ_LT1000,< 1 000 GJ,2011-S2,2011-07-01,2011,2,0.0487
DE,Germany,GJ_LT1000,< 1 000 GJ,2012-S1,2012-01-01,2012,1,0.0507
DE,Germany,GJ_LT1000,< 1 000 GJ,2012-S2,2012-07-01,2012,2,0.0514
DE,Germany,GJ_LT1000,< 1 000 GJ,2013-S1,2013-01-01,2013,1,0.0522
DE,Germany,GJ_LT1000,< 1 000 GJ,2013-S2,2013-07-01,2013,2,0.0518
DE,Germany,GJ_LT1000,< 1 000 GJ,2014-S1,2014-01-01,2014,1,0.0504
DE,Germany,GJ_LT1000,< 1 000 GJ,2014-S2,2014-07-01,2014,2,0.0484
DE,Germany,GJ_LT1000,< 1 000 GJ,2015-S1,2015-01-01,2015,1,0.0479
DE,Germany,GJ_LT1000,< 1 000 GJ,2015-S2,2015-07-01,2015,2,0.0474
DE,Germany,GJ_LT1000,< 1 000 GJ,2016-S1,2016-01-01,2016,1,0.0452
DE,Germany,GJ_LT1000,< 1 000 GJ,2016-S2,2016-07-01,2016,2,0.0445
DE,Germany,GJ_LT1000,< 1 000 GJ,2017-S1,2017-01-01,2017,1,0.0435
DE,Germany,GJ_LT1000,< 1 000 GJ,2017-S2,2017-07-01,2017,2,0.0428
DE,Germany,GJ_LT1000,< 1 000 GJ,2018-S1,2018-01-01,2018,1,0.0421
DE,Germany,GJ_LT1000,< 1 000 GJ,2018-S2,2018-07-01,2018,2,0.0422
DE,Germany,GJ_LT1000,< 1 000 GJ,2019-S1,2019-01-01,2019,1,0.0416
DE,Germany,GJ_LT1000,< 1 000 GJ,2019-S2,2019-07-01,2019,2,0.0423
DE,Germany,GJ_LT1000,< 1 000 GJ,2020-S1,2020-01-01,2020,1,0.0445
DE,Germany,GJ_LT1000,< 1 000 GJ,2020-S2,2020-07-01,2020,2,0.0442
DE,Germany,GJ_LT1000,< 1 000 GJ,2021-S1,2021-01-01,2021,1,0.047
DE,Germany,GJ_LT1000,< 1 000 GJ,2021-S2,2021-07-01,2021,2,0.0545
DE,Germany,GJ_LT1000,< 1 000 GJ,2022-S1,2022-01-01,2022,1,0.0627
DE,Germany,GJ_LT1000,< 1 000 GJ,2022-S2,2022-07-01,2022,2,0.0736
DE,Germany,GJ_LT1000,< 1 000 GJ,2023-S1,2023-01-01,2023,1,0.1084
DE,Germany,GJ_LT1000,< 1 000 GJ,2023-S2,2023-07-01,2023,2,0.097
DE,Germany,GJ_LT1000,< 1 000 GJ,2024-S1,2024-01-01,2024,1,0.0954
DE,Germany,GJ_LT1000,< 1 000 GJ,2024-S2,2024-07-01,2024,2,0.0946
DE,Germany,GJ_LT1000,< 1 000 GJ,2025-S1,2025-01-01,2025,1,0.0964
DE,Germany,GJ_LT1000,< 1 000 GJ,2025-S2,2025-07-01,2025,2,0.095
HU,Hungary,GJ1000-9999,1 000-9 999 GJ,2007-S2,2007-07-01,2007,2,0.0329
HU,Hungary,GJ1000-9999,1 000-9 999 GJ,2008-S1,2008-01-01,2008,1,0.0394
HU,Hungary,GJ1000-9999,1 000-9 999 GJ,2008-S2,2008-07-01,2008,2,0.0468
HU,Hungary,GJ1000-9999,1 000-9 999 GJ,2009-S1,2009-01-01,2009,1,0.0405
HU,Hungary,GJ1000-9999,1 000-9 999 GJ,2009-S2,2009-07-01,2009,2,0.0396
HU,Hungary,GJ1000-9999,1 000-9 999 GJ,2010-S1,2010-01-01,2010,1,0.0395
HU,Hungary,GJ1000-9999,1 000-9 999 GJ,2010-S2,2010-07-01,2010,2,0.0416
HU,Hungary,GJ1000-9999,1 000-9 999 GJ,2011-S1,2011-01-01,2011,1,0.0375
HU,Hungary,GJ1000-9999,1 000-9 999 GJ,2011-S2,2011-07-01,2011,2,0.0515
HU,Hungary,GJ1000-9999,1 000-9 999 GJ,2012-S1,2012-01-01,2012,1,0.0511
HU,Hungary,GJ1000-9999,1 000-9 999 GJ,2012-S2,2012-07-01,2012,2,0.057
HU,Hungary,GJ1000-9999,1 000-9 999 GJ,2013-S1,2013-01-01,2013,1,0.0513
HU,Hungary,GJ1000-9999,1 000-9 999 GJ,2013-S2,2013-07-01,2013,2,0.0584
HU,Hungary,GJ1000-9999,1 000-9 999 GJ,2014-S1,2014-01-01,2014,1,0.0428
HU,Hungary,GJ1000-9999,1 000-9 999 GJ,2014-S2,2014-07-01,2014,2,0.0428
HU,Hungary,GJ1000-9999,1 000-9 999 GJ,2015-S1,2015-01-01,2015,1,0.0402
HU,Hungary,GJ1000-9999,1 000-9 999 GJ,2015-S2,2015-07-01,2015,2,0.039
HU,Hungary,GJ1000-9999,1 000-9 999 GJ,2016-S1,2016-01-01,2016,1,0.0308
HU,Hungary,GJ1000-9999,1 000-9 999 GJ,2016-S2,2016-07-01,2016,2,0.03
HU,Hungary,GJ1000-9999,1 000-9 999 GJ,2017-S1,2017-01-01,2017,1,0.0289
HU,Hungary,GJ1000-9999,1 000-9 999 GJ,2017-S2,2017-07-01,2017,2,0.0296
HU,Hungary,GJ1000-9999,1 000-9 999 GJ,2018-S1,2018-01-01,2018,1,0.0267
HU,Hungary,GJ1000-9999,1 000-9 999 GJ,2018-S2,2018-07-01,2018,2,0.0318
HU,Hungary,GJ1000-9999,1 000-9 999 GJ,2019-S1,2019-01-01,2019,1,0.031
HU,Hungary,GJ1000-9999,1 000-9 999 GJ,2019-S2,2019-07-01,2019,2,0.0311
HU,Hungary,GJ1000-9999,1 000-9 999 GJ,2020-S1,2020-01-01,2020,1,0.0284
HU,Hungary,GJ1000-9999,1 000-9 999 GJ,2020-S2,2020-07-01,2020,2,0.0262
HU,Hungary,GJ1000-9999,1 000-9 999 GJ,2021-S1,2021-01-01,2021,1,0.0249
HU,Hungary,GJ1000-9999,1 000-9 999 GJ,2021-S2,2021-07-01,2021,2,0.0476
HU,Hungary,GJ1000-9999,1 000-9 999 GJ,2022-S1,2022-01-01,2022,1,0.0545
HU,Hungary,GJ1000-9999,1 000-9 999 GJ,2022-S2,2022-07-01,2022,2,0.1141
HU,Hungary,GJ1000-9999,1 000-9 999 GJ,2023-S1,2023-01-01,2023,1,0.1307
HU,Hungary,GJ1000-9999,1 000-9 999 GJ,2023-S2,2023-07-01,2023,2,0.0944
HU,Hungary,GJ1000-9999,1 000-9 999 GJ,2024-S1,2024-01-01,2024,1,0.0784
HU,Hungary,GJ1000-9999,1 000-9 999 GJ,2024-S2,2024-07-01,2024,2,0.0704
HU,Hungary,GJ1000-9999,1 000-9 999 GJ,2025-S1,2025-01-01,2025,1,0.0637
HU,Hungary,GJ1000-9999,1 000-9 999 GJ,2025-S2,2025-07-01,2025,2,0.0626
HU,Hungary,GJ10000-99999,10 000-99 999 GJ,2007-S2,2007-07-01,2007,2,0.0309
HU,Hungary,GJ10000-99999,10 000-99 999 GJ,2008-S1,2008-01-01,2008,1,0.0349
HU,Hungary,GJ10000-99999,10 000-99 999 GJ,2008-S2,2008-07-01,2008,2,0.0422
HU,Hungary,GJ10000-99999,10 000-99 999 GJ,2009-S1,2009-01-01,2009,1,0.0371
HU,Hungary,GJ10000-99999,10 000-99 999 GJ,2009-S2,2009-07-01,2009,2,0.0362
HU,Hungary,GJ10000-99999,10 000-99 999 GJ,2010-S1,2010-01-01,2010,1,0.0299
HU,Hungary,GJ10000-99999,10 000-99 999 GJ,2010-S2,2010-07-01,2010,2,0.0358
HU,Hungary,GJ10000-99999,10 000-99 999 GJ,2011-S1,2011-01-01,2011,1,0.0309
HU,Hungary,GJ10000-99999,10 000-99 999 GJ,2011-S2,2011-07-01,2011,2,0.0439
HU,Hungary,GJ10000-99999,10 000-99 999 GJ,2012-S1,2012-01-01,2012,1,0.0438
HU,Hungary,GJ10000-99999,10 000-99 999 GJ,2012-S2,2012-07-01,2012,2,0.0465
HU,Hungary,GJ10000-99999,10 000-99 999 GJ,2013-S1,2013-01-01,2013,1,0.0414
HU,Hungary,GJ10000-99999,10 000-99 999 GJ,2013-S2,2013-07-01,2013,2,0.0478
HU,Hungary,GJ10000-99999,10 000-99 999 GJ,2014-S1,2014-01-01,2014,1,0.0398
HU,Hungary,GJ10000-99999,10 000-99 999 GJ,2014-S2,2014-07-01,2014,2,0.0389
HU,Hungary,GJ10000-99999,10 000-99 999 GJ,2015-S1,2015-01-01,2015,1,0.0367
HU,Hungary,GJ10000-99999,10 000-99 999 GJ,2015-S2,2015-07-01,2015,2,0.0338
HU,Hungary,GJ10000-99999,10 000-99 999 GJ,2016-S1,2016-01-01,2016,1,0.0317
HU,Hungary,GJ10000-99999,10 000-99 999 GJ,2016-S2,2016-07-01,2016,2,0.0275
HU,Hungary,GJ10000-99999,10 000-99 999 GJ,2017-S1,2017-01-01,2017,1,0.0261
HU,Hungary,GJ10000-99999,10 000-99 999 GJ,2017-S2,2017-07-01,2017,2,0.0246
HU,Hungary,GJ10000-99999,10 000-99 999 GJ,2018-S1,2018-01-01,2018,1,0.0243
HU,Hungary,GJ10000-99999,10 000-99 999 GJ,2018-S2,2018-07-01,2018,2,0.0285
HU,Hungary,GJ10000-99999,10 000-99 999 GJ,2019-S1,2019-01-01,2019,1,0.029
HU,Hungary,GJ10000-99999,10 000-99 999 GJ,2019-S2,2019-07-01,2019,2,0.0273
HU,Hungary,GJ10000-99999,10 000-99 999 GJ,2020-S1,2020-01-01,2020,1,0.0266
HU,Hungary,GJ10000-99999,10 000-99 999 GJ,2020-S2,2020-07-01,2020,2,0.0221
HU,Hungary,GJ10000-99999,10 000-99 999 GJ,2021-S1,2021-01-01,2021,1,0.0224
HU,Hungary,GJ10000-99999,10 000-99 999 GJ,2021-S2,2021-07-01,2021,2,0.0462
HU,Hungary,GJ10000-99999,10 000-99 999 GJ,2022-S1,2022-01-01,2022,1,0.0577
HU,Hungary,GJ10000-99999,10 000-99 999 GJ,2022-S2,2022-07-01,2022,2,0.1561
HU,Hungary,GJ10000-99999,10 000-99 999 GJ,2023-S1,2023-01-01,2023,1,0.1077
HU,Hungary,GJ10000-99999,10 000-99 999 GJ,2023-S2,2023-07-01,2023,2,0.0792
HU,Hungary,GJ10000-99999,10 000-99 999 GJ,2024-S1,2024-01-01,2024,1,0.0641
HU,Hungary,GJ10000-99999,10 000-99 999 GJ,2024-S2,2024-07-01,2024,2,0.0591
HU,Hungary,GJ10000-99999,10 000-99 999 GJ,2025-S1,2025-01-01,2025,1,0.056
HU,Hungary,GJ10000-99999,10 000-99 999 GJ,2025-S2,2025-07-01,2025,2,0.0518
HU,Hungary,GJ100000-999999,100 000-999 999 GJ,2007-S2,2007-07-01,2007,2,0.0256
HU,Hungary,GJ100000-999999,100 000-999 999 GJ,2008-S1,2008-01-01,2008,1,0.0273
HU,Hungary,GJ100000-999999,100 000-999 999 GJ,2008-S2,2008-07-01,2008,2,0.0375
HU,Hungary,GJ100000-999999,100 000-999 999 GJ,2009-S1,2009-01-01,2009,1,0.032
HU,Hungary,GJ100000-999999,100 000-999 999 GJ,2009-S2,2009-07-01,2009,2,0.0312
HU,Hungary,GJ100000-999999,100 000-999 999 GJ,2010-S1,2010-01-01,2010,1,0.028
HU,Hungary,GJ100000-999999,100 000-999 999 GJ,2010-S2,2010-07-01,2010,2,0.034
HU,Hungary,GJ100000-999999,100 000-999 999 GJ,2011-S1,2011-01-01,2011,1,0.0357
HU,Hungary,GJ100000-999999,100 000-999 999 GJ,2011-S2,2011-07-01,2011,2,0.0395
HU,Hungary,GJ100000-999999,100 000-999 999 GJ,2012-S1,2012-01-01,2012,1,0.0446
HU,Hungary,GJ100000-999999,100 000-999 999 GJ,2012-S2,2012-07-01,2012,2,0.0421
HU,Hungary,GJ100000-999999,100 000-999 999 GJ,2013-S1,2013-01-01,2013,1,0.0417
HU,Hungary,GJ100000-999999,100 000-999 999 GJ,2013-S2,2013-07-01,2013,2,0.0396
HU,Hungary,GJ100000-999999,100 000-999 999 GJ,2014-S1,2014-01-01,2014,1,0.0331
HU,Hungary,GJ100000-999999,100 000-999 999 GJ,2014-S2,2014-07-01,2014,2,0.0287
HU,Hungary,GJ100000-999999,100 000-999 999 GJ,2015-S1,2015-01-01,2015,1,0.0278
HU,Hungary,GJ100000-999999,100 000-999 999 GJ,2015-S2,2015-07-01,2015,2,0.0293
HU,Hungary,GJ100000-999999,100 000-999 999 GJ,2016-S1,2016-01-01,2016,1,0.0269
HU,Hungary,GJ100000-999999,100 000-999 999 GJ,2016-S2,2016-07-01,2016,2,0.0257
HU,Hungary,GJ100000-999999,100 000-999 999 GJ,2017-S1,2017-01-01,2017,1,0.0248
HU,Hungary,GJ100000-999999,100 000-999 999 GJ,2017-S2,2017-07-01,2017,2,0.0237
HU,Hungary,GJ100000-999999,100 000-999 999 GJ,2018-S1,2018-01-01,2018,1,0.0248
HU,Hungary,GJ100000-999999,100 000-999 999 GJ,2018-S2,2018-07-01,2018,2,0.028
HU,Hungary,GJ100000-999999,100 000-999 999 GJ,2019-S1,2019-01-01,2019,1,0.0274
HU,Hungary,GJ100000-999999,100 000-999 999 GJ,2019-S2,2019-07-01,2019,2,0.0236
HU,Hungary,GJ100000-999999,100 000-999 999 GJ,2020-S1,2020-01-01,2020,1,0.0216
HU,Hungary,GJ100000-999999,100 000-999 999 GJ,2020-S2,2020-07-01,2020,2,0.0194
HU,Hungary,GJ100000-999999,100 000-999 999 GJ,2021-S1,2021-01-01,2021,1,0.0224
HU,Hungary,GJ100000-999999,100 000-999 999 GJ,2021-S2,2021-07-01,2021,2,0.0618
HU,Hungary,GJ100000-999999,100 000-999 999 GJ,2022-S1,2022-01-01,2022,1,0.0627
HU,Hungary,GJ100000-999999,100 000-999 999 GJ,2022-S2,2022-07-01,2022,2,0.1315
HU,Hungary,GJ100000-999999,100 000-999 999 GJ,2023-S1,2023-01-01,2023,1,0.0979
HU,Hungary,GJ100000-999999,100 000-999 999 GJ,2023-S2,2023-07-01,2023,2,0.0648
HU,Hungary,GJ100000-999999,100 000-999 999 GJ,2024-S1,2024-01-01,2024,1,0.0566
HU,Hungary,GJ100000-999999,100 000-999 999 GJ,2024-S2,2024-07-01,2024,2,0.0553
HU,Hungary,GJ100000-999999,100 000-999 999 GJ,2025-S1,2025-01-01,2025,1,0.0541
HU,Hungary,GJ100000-999999,100 000-999 999 GJ,2025-S2,2025-07-01,2025,2,0.0473
HU,Hungary,GJ_LT1000,< 1 000 GJ,2007-S2,2007-07-01,2007,2,0.0355
HU,Hungary,GJ_LT1000,< 1 000 GJ,2008-S1,2008-01-01,2008,1,0.044
HU,Hungary,GJ_LT1000,< 1 000 GJ,2008-S2,2008-07-01,2008,2,0.0488
HU,Hungary,GJ_LT1000,< 1 000 GJ,2009-S1,2009-01-01,2009,1,0.0411
HU,Hungary,GJ_LT1000,< 1 000 GJ,2009-S2,2009-07-01,2009,2,0.0419
HU,Hungary,GJ_LT1000,< 1 000 GJ,2010-S1,2010-01-01,2010,1,0.0426
HU,Hungary,GJ_LT1000,< 1 000 GJ,2010-S2,2010-07-01,2010,2,0.0425
HU,Hungary,GJ_LT1000,< 1 000 GJ,2011-S1,2011-01-01,2011,1,0.046
HU,Hungary,GJ_LT1000,< 1 000 GJ,2011-S2,2011-07-01,2011,2,0.0482
HU,Hungary,GJ_LT1000,< 1 000 GJ,2012-S1,2012-01-01,2012,1,0.046
HU,Hungary,GJ_LT1000,< 1 000 GJ,2012-S2,2012-07-01,2012,2,0.0454
HU,Hungary,GJ_LT1000,< 1 000 GJ,2013-S1,2013-01-01,2013,1,0.0415
HU,Hungary,GJ_LT1000,< 1 000 GJ,2013-S2,2013-07-01,2013,2,0.0457
HU,Hungary,GJ_LT1000,< 1 000 GJ,2014-S1,2014-01-01,2014,1,0.0393
HU,Hungary,GJ_LT1000,< 1 000 GJ,2014-S2,2014-07-01,2014,2,0.0405
HU,Hungary,GJ_LT1000,< 1 000 GJ,2015-S1,2015-01-01,2015,1,0.0386
HU,Hungary,GJ_LT1000,< 1 000 GJ,2015-S2,2015-07-01,2015,2,0.0387
HU,Hungary,GJ_LT1000,< 1 000 GJ,2016-S1,2016-01-01,2016,1,0.0343
HU,Hungary,GJ_LT1000,< 1 000 GJ,2016-S2,2016-07-01,2016,2,0.0325
HU,Hungary,GJ_LT1000,< 1 000 GJ,2017-S1,2017-01-01,2017,1,0.0319
HU,Hungary,GJ_LT1000,< 1 000 GJ,2017-S2,2017-07-01,2017,2,0.0307
HU,Hungary,GJ_LT1000,< 1 000 GJ,2018-S1,2018-01-01,2018,1,0.0298
HU,Hungary,GJ_LT1000,< 1 000 GJ,2018-S2,2018-07-01,2018,2,0.0315
HU,Hungary,GJ_LT1000,< 1 000 GJ,2019-S1,2019-01-01,2019,1,0.0304
HU,Hungary,GJ_LT1000,< 1 000 GJ,2019-S2,2019-07-01,2019,2,0.0312
HU,Hungary,GJ_LT1000,< 1 000 GJ,2020-S1,2020-01-01,2020,1,0.0292
HU,Hungary,GJ_LT1000,< 1 000 GJ,2020-S2,2020-07-01,2020,2,0.028
HU,Hungary,GJ_LT1000,< 1 000 GJ,2021-S1,2021-01-01,2021,1,0.0272
HU,Hungary,GJ_LT1000,< 1 000 GJ,2021-S2,2021-07-01,2021,2,0.0347
HU,Hungary,GJ_LT1000,< 1 000 GJ,2022-S1,2022-01-01,2022,1,0.036
HU,Hungary,GJ_LT1000,< 1 000 GJ,2022-S2,2022-07-01,2022,2,0.0699
HU,Hungary,GJ_LT1000,< 1 000 GJ,2023-S1,2023-01-01,2023,1,0.1098
HU,Hungary,GJ_LT1000,< 1 000 GJ,2023-S2,2023-07-01,2023,2,0.0942
HU,Hungary,GJ_LT1000,< 1 000 GJ,2024-S1,2024-01-01,2024,1,0.0815
HU,Hungary,GJ_LT1000,< 1 000 GJ,2024-S2,2024-07-01,2024,2,0.0787
HU,Hungary,GJ_LT1000,< 1 000 GJ,2025-S1,2025-01-01,2025,1,0.0721
HU,Hungary,GJ_LT1000,< 1 000 GJ,2025-S2,2025-07-01,2025,2,0.0729
PL,Poland,GJ1000-9999,1 000-9 999 GJ,2007-S2,2007-07-01,2007,2,0.0303
PL,Poland,GJ1000-9999,1 000-9 999 GJ,2008-S1,2008-01-01,2008,1,0.0329
PL,Poland,GJ1000-9999,1 000-9 999 GJ,2008-S2,2008-07-01,2008,2,0.0387
PL,Poland,GJ1000-9999,1 000-9 999 GJ,2009-S1,2009-01-01,2009,1,0.0306
PL,Poland,GJ1000-9999,1 000-9 999 GJ,2009-S2,2009-07-01,2009,2,0.0344
PL,Poland,GJ1000-9999,1 000-9 999 GJ,2010-S1,2010-01-01,2010,1,0.0332
PL,Poland,GJ1000-9999,1 000-9 999 GJ,2010-S2,2010-07-01,2010,2,0.0368
PL,Poland,GJ1000-9999,1 000-9 999 GJ,2011-S1,2011-01-01,2011,1,0.0364
PL,Poland,GJ1000-9999,1 000-9 999 GJ,2011-S2,2011-07-01,2011,2,0.0364
PL,Poland,GJ1000-9999,1 000-9 999 GJ,2012-S1,2012-01-01,2012,1,0.037
PL,Poland,GJ1000-9999,1 000-9 999 GJ,2012-S2,2012-07-01,2012,2,0.0425
PL,Poland,GJ1000-9999,1 000-9 999 GJ,2013-S1,2013-01-01,2013,1,0.0406
PL,Poland,GJ1000-9999,1 000-9 999 GJ,2013-S2,2013-07-01,2013,2,0.0428
PL,Poland,GJ1000-9999,1 000-9 999 GJ,2014-S1,2014-01-01,2014,1,0.0417
PL,Poland,GJ1000-9999,1 000-9 999 GJ,2014-S2,2014-07-01,2014,2,0.0423
PL,Poland,GJ1000-9999,1 000-9 999 GJ,2015-S1,2015-01-01,2015,1,0.042
PL,Poland,GJ1000-9999,1 000-9 999 GJ,2015-S2,2015-07-01,2015,2,0.0408
PL,Poland,GJ1000-9999,1 000-9 999 GJ,2016-S1,2016-01-01,2016,1,0.0342
PL,Poland,GJ1000-9999,1 000-9 999 GJ,2016-S2,2016-07-01,2016,2,0.0354
PL,Poland,GJ1000-9999,1 000-9 999 GJ,2017-S1,2017-01-01,2017,1,0.0322
PL,Poland,GJ1000-9999,1 000-9 999 GJ,2017-S2,2017-07-01,2017,2,0.0336
PL,Poland,GJ1000-9999,1 000-9 999 GJ,2018-S1,2018-01-01,2018,1,0.0341
PL,Poland,GJ1000-9999,1 000-9 999 GJ,2018-S2,2018-07-01,2018,2,0.036
PL,Poland,GJ1000-9999,1 000-9 999 GJ,2019-S1,2019-01-01,2019,1,0.0379
PL,Poland,GJ1000-9999,1 000-9 999 GJ,2019-S2,2019-07-01,2019,2,0.0391
PL,Poland,GJ1000-9999,1 000-9 999 GJ,2020-S1,2020-01-01,2020,1,0.0355
PL,Poland,GJ1000-9999,1 000-9 999 GJ,2020-S2,2020-07-01,2020,2,0.0358
PL,Poland,GJ1000-9999,1 000-9 999 GJ,2021-S1,2021-01-01,2021,1,0.032
PL,Poland,GJ1000-9999,1 000-9 999 GJ,2021-S2,2021-07-01,2021,2,0.0447
PL,Poland,GJ1000-9999,1 000-9 999 GJ,2022-S1,2022-01-01,2022,1,0.0653
PL,Poland,GJ1000-9999,1 000-9 999 GJ,2022-S2,2022-07-01,2022,2,0.0704
PL,Poland,GJ1000-9999,1 000-9 999 GJ,2023-S1,2023-01-01,2023,1,0.0818
PL,Poland,GJ1000-9999,1 000-9 999 GJ,2023-S2,2023-07-01,2023,2,0.0749
PL,Poland,GJ1000-9999,1 000-9 999 GJ,2024-S1,2024-01-01,2024,1,0.0753
PL,Poland,GJ1000-9999,1 000-9 999 GJ,2025-S1,2025-01-01,2025,1,0.081
PL,Poland,GJ1000-9999,1 000-9 999 GJ,2025-S2,2025-07-01,2025,2,0.0776
PL,Poland,GJ10000-99999,10 000-99 999 GJ,2007-S2,2007-07-01,2007,2,0.026
PL,Poland,GJ10000-99999,10 000-99 999 GJ,2008-S1,2008-01-01,2008,1,0.0301
PL,Poland,GJ10000-99999,10 000-99 999 GJ,2008-S2,2008-07-01,2008,2,0.0336
PL,Poland,GJ10000-99999,10 000-99 999 GJ,2009-S1,2009-01-01,2009,1,0.0278
PL,Poland,GJ10000-99999,10 000-99 999 GJ,2009-S2,2009-07-01,2009,2,0.0301
PL,Poland,GJ10000-99999,10 000-99 999 GJ,2010-S1,2010-01-01,2010,1,0.0302
PL,Poland,GJ10000-99999,10 000-99 999 GJ,2010-S2,2010-07-01,2010,2,0.0325
PL,Poland,GJ10000-99999,10 000-99 999 GJ,2011-S1,2011-01-01,2011,1,0.0328
PL,Poland,GJ10000-99999,10 000-99 999 GJ,2011-S2,2011-07-01,2011,2,0.0318
PL,Poland,GJ10000-99999,10 000-99 999 GJ,2012-S1,2012-01-01,2012,1,0.0337
PL,Poland,GJ10000-99999,10 000-99 999 GJ,2012-S2,2012-07-01,2012,2,0.0375
PL,Poland,GJ10000-99999,10 000-99 999 GJ,2013-S1,2013-01-01,2013,1,0.0362
PL,Poland,GJ10000-99999,10 000-99 999 GJ,2013-S2,2013-07-01,2013,2,0.0364
PL,Poland,GJ10000-99999,10 000-99 999 GJ,2014-S1,2014-01-01,2014,1,0.0376
PL,Poland,GJ10000-99999,10 000-99 999 GJ,2014-S2,2014-07-01,2014,2,0.0364
PL,Poland,GJ10000-99999,10 000-99 999 GJ,2015-S1,2015-01-01,2015,1,0.0374
PL,Poland,GJ10000-99999,10 000-99 999 GJ,2015-S2,2015-07-01,2015,2,0.0338
PL,Poland,GJ10000-99999,10 000-99 999 GJ,2016-S1,2016-01-01,2016,1,0.027
PL,Poland,GJ10000-99999,10 000-99 999 GJ,2016-S2,2016-07-01,2016,2,0.0261
PL,Poland,GJ10000-99999,10 000-99 999 GJ,2017-S1,2017-01-01,2017,1,0.0273
PL,Poland,GJ10000-99999,10 000-99 999 GJ,2017-S2,2017-07-01,2017,2,0.0276
PL,Poland,GJ10000-99999,10 000-99 999 GJ,2018-S1,2018-01-01,2018,1,0.0304
PL,Poland,GJ10000-99999,10 000-99 999 GJ,2018-S2,2018-07-01,2018,2,0.0312
PL,Poland,GJ10000-99999,10 000-99 999 GJ,2019-S1,2019-01-01,2019,1,0.0347
PL,Poland,GJ10000-99999,10 000-99 999 GJ,2019-S2,2019-07-01,2019,2,0.0336
PL,Poland,GJ10000-99999,10 000-99 999 GJ,2020-S1,2020-01-01,2020,1,0.0297
PL,Poland,GJ10000-99999,10 000-99 999 GJ,2020-S2,2020-07-01,2020,2,0.0291
PL,Poland,GJ10000-99999,10 000-99 999 GJ,2021-S1,2021-01-01,2021,1,0.0281
PL,Poland,GJ10000-99999,10 000-99 999 GJ,2021-S2,2021-07-01,2021,2,0.0412
PL,Poland,GJ10000-99999,10 000-99 999 GJ,2022-S1,2022-01-01,2022,1,0.0752
PL,Poland,GJ10000-99999,10 000-99 999 GJ,2022-S2,2022-07-01,2022,2,0.0963
PL,Poland,GJ10000-99999,10 000-99 999 GJ,2023-S1,2023-01-01,2023,1,0.1039
PL,Poland,GJ10000-99999,10 000-99 999 GJ,2023-S2,2023-07-01,2023,2,0.0858
PL,Poland,GJ10000-99999,10 000-99 999 GJ,2024-S1,2024-01-01,2024,1,0.073
PL,Poland,GJ10000-99999,10 000-99 999 GJ,2025-S1,2025-01-01,2025,1,0.0683
PL,Poland,GJ10000-99999,10 000-99 999 GJ,2025-S2,2025-07-01,2025,2,0.0647
PL,Poland,GJ100000-999999,100 000-999 999 GJ,2007-S2,2007-07-01,2007,2,0.0226
PL,Poland,GJ100000-999999,100 000-999 999 GJ,2008-S1,2008-01-01,2008,1,0.0267
PL,Poland,GJ100000-999999,100 000-999 999 GJ,2008-S2,2008-07-01,2008,2,0.0298
PL,Poland,GJ100000-999999,100 000-999 999 GJ,2009-S1,2009-01-01,2009,1,0.0249
PL,Poland,GJ100000-999999,100 000-999 999 GJ,2009-S2,2009-07-01,2009,2,0.0256
PL,Poland,GJ100000-999999,100 000-999 999 GJ,2010-S1,2010-01-01,2010,1,0.0266
PL,Poland,GJ100000-999999,100 000-999 999 GJ,2010-S2,2010-07-01,2010,2,0.0285
PL,Poland,GJ100000-999999,100 000-999 999 GJ,2011-S1,2011-01-01,2011,1,0.0287
PL,Poland,GJ100000-999999,100 000-999 999 GJ,2011-S2,2011-07-01,2011,2,0.0274
PL,Poland,GJ100000-999999,100 000-999 999 GJ,2012-S1,2012-01-01,2012,1,0.0304
PL,Poland,GJ100000-999999,100 000-999 999 GJ,2012-S2,2012-07-01,2012,2,0.0336
PL,Poland,GJ100000-999999,100 000-999 999 GJ,2013-S1,2013-01-01,2013,1,0.0325
PL,Poland,GJ100000-999999,100 000-999 999 GJ,2013-S2,2013-07-01,2013,2,0.0322
PL,Poland,GJ100000-999999,100 000-999 999 GJ,2014-S1,2014-01-01,2014,1,0.0327
PL,Poland,GJ100000-999999,100 000-999 999 GJ,2014-S2,2014-07-01,2014,2,0.0317
PL,Poland,GJ100000-999999,100 000-999 999 GJ,2015-S1,2015-01-01,2015,1,0.0324
PL,Poland,GJ100000-999999,100 000-999 999 GJ,2015-S2,2015-07-01,2015,2,0.0291
PL,Poland,GJ100000-999999,100 000-999 999 GJ,2016-S1,2016-01-01,2016,1,0.0227
PL,Poland,GJ100000-999999,100 000-999 999 GJ,2016-S2,2016-07-01,2016,2,0.0216
PL,Poland,GJ100000-999999,100 000-999 999 GJ,2017-S1,2017-01-01,2017,1,0.0234
PL,Poland,GJ100000-999999,100 000-999 999 GJ,2017-S2,2017-07-01,2017,2,0.0219
PL,Poland,GJ100000-999999,100 000-999 999 GJ,2018-S1,2018-01-01,2018,1,0.0241
PL,Poland,GJ100000-999999,100 000-999 999 GJ,2018-S2,2018-07-01,2018,2,0.0263
PL,Poland,GJ100000-999999,100 000-999 999 GJ,2019-S1,2019-01-01,2019,1,0.0281
PL,Poland,GJ100000-999999,100 000-999 999 GJ,2019-S2,2019-07-01,2019,2,0.0257
PL,Poland,GJ100000-999999,100 000-999 999 GJ,2020-S1,2020-01-01,2020,1,0.0236
PL,Poland,GJ100000-999999,100 000-999 999 GJ,2020-S2,2020-07-01,2020,2,0.0225
PL,Poland,GJ100000-999999,100 000-999 999 GJ,2021-S1,2021-01-01,2021,1,0.0244
PL,Poland,GJ100000-999999,100 000-999 999 GJ,2021-S2,2021-07-01,2021,2,0.0426
PL,Poland,GJ100000-999999,100 000-999 999 GJ,2022-S1,2022-01-01,2022,1,0.0774
PL,Poland,GJ100000-999999,100 000-999 999 GJ,2022-S2,2022-07-01,2022,2,0.094
PL,Poland,GJ100000-999999,100 000-999 999 GJ,2023-S1,2023-01-01,2023,1,0.0926
PL,Poland,GJ100000-999999,100 000-999 999 GJ,2023-S2,2023-07-01,2023,2,0.0777
PL,Poland,GJ100000-999999,100 000-999 999 GJ,2024-S1,2024-01-01,2024,1,0.058
PL,Poland,GJ100000-999999,100 000-999 999 GJ,2024-S2,2024-07-01,2024,2,0.0605
PL,Poland,GJ100000-999999,100 000-999 999 GJ,2025-S1,2025-01-01,2025,1,0.0548
PL,Poland,GJ100000-999999,100 000-999 999 GJ,2025-S2,2025-07-01,2025,2,0.0514
PL,Poland,GJ_LT1000,< 1 000 GJ,2007-S2,2007-07-01,2007,2,0.0332
PL,Poland,GJ_LT1000,< 1 000 GJ,2008-S1,2008-01-01,2008,1,0.0346
PL,Poland,GJ_LT1000,< 1 000 GJ,2008-S2,2008-07-01,2008,2,0.0443
PL,Poland,GJ_LT1000,< 1 000 GJ,2009-S1,2009-01-01,2009,1,0.0324
PL,Poland,GJ_LT1000,< 1 000 GJ,2009-S2,2009-07-01,2009,2,0.0376
PL,Poland,GJ_LT1000,< 1 000 GJ,2010-S1,2010-01-01,2010,1,0.0354
PL,Poland,GJ_LT1000,< 1 000 GJ,2010-S2,2010-07-01,2010,2,0.0398
PL,Poland,GJ_LT1000,< 1 000 GJ,2011-S1,2011-01-01,2011,1,0.0381
PL,Poland,GJ_LT1000,< 1 000 GJ,2011-S2,2011-07-01,2011,2,0.0428
PL,Poland,GJ_LT1000,< 1 000 GJ,2012-S1,2012-01-01,2012,1,0.0391
PL,Poland,GJ_LT1000,< 1 000 GJ,2012-S2,2012-07-01,2012,2,0.0475
PL,Poland,GJ_LT1000,< 1 000 GJ,2013-S1,2013-01-01,2013,1,0.0389
PL,Poland,GJ_LT1000,< 1 000 GJ,2013-S2,2013-07-01,2013,2,0.0434
PL,Poland,GJ_LT1000,< 1 000 GJ,2014-S1,2014-01-01,2014,1,0.0411
PL,Poland,GJ_LT1000,< 1 000 GJ,2014-S2,2014-07-01,2014,2,0.0431
PL,Poland,GJ_LT1000,< 1 000 GJ,2015-S1,2015-01-01,2015,1,0.042
PL,Poland,GJ_LT1000,< 1 000 GJ,2015-S2,2015-07-01,2015,2,0.0441
PL,Poland,GJ_LT1000,< 1 000 GJ,2016-S1,2016-01-01,2016,1,0.0364
PL,Poland,GJ_LT1000,< 1 000 GJ,2016-S2,2016-07-01,2016,2,0.037
PL,Poland,GJ_LT1000,< 1 000 GJ,2017-S1,2017-01-01,2017,1,0.0346
PL,Poland,GJ_LT1000,< 1 000 GJ,2017-S2,2017-07-01,2017,2,0.0358
PL,Poland,GJ_LT1000,< 1 000 GJ,2018-S1,2018-01-01,2018,1,0.0347
PL,Poland,GJ_LT1000,< 1 000 GJ,2018-S2,2018-07-01,2018,2,0.0393
PL,Poland,GJ_LT1000,< 1 000 GJ,2019-S1,2019-01-01,2019,1,0.0408
PL,Poland,GJ_LT1000,< 1 000 GJ,2019-S2,2019-07-01,2019,2,0.0418
PL,Poland,GJ_LT1000,< 1 000 GJ,2020-S1,2020-01-01,2020,1,0.0398
PL,Poland,GJ_LT1000,< 1 000 GJ,2020-S2,2020-07-01,2020,2,0.0405
PL,Poland,GJ_LT1000,< 1 000 GJ,2021-S1,2021-01-01,2021,1,0.0383
PL,Poland,GJ_LT1000,< 1 000 GJ,2021-S2,2021-07-01,2021,2,0.0749
PL,Poland,GJ_LT1000,< 1 000 GJ,2022-S1,2022-01-01,2022,1,0.0877
PL,Poland,GJ_LT1000,< 1 000 GJ,2022-S2,2022-07-01,2022,2,0.0832
PL,Poland,GJ_LT1000,< 1 000 GJ,2023-S1,2023-01-01,2023,1,0.1094
PL,Poland,GJ_LT1000,< 1 000 GJ,2023-S2,2023-07-01,2023,2,0.0858
PL,Poland,GJ_LT1000,< 1 000 GJ,2024-S1,2024-01-01,2024,1,0.0759
PL,Poland,GJ_LT1000,< 1 000 GJ,2024-S2,2024-07-01,2024,2,0.0801
PL,Poland,GJ_LT1000,< 1 000 GJ,2025-S1,2025-01-01,2025,1,0.0852
PL,Poland,GJ_LT1000,< 1 000 GJ,2025-S2,2025-07-01,2025,2,0.075
SK,Slovakia,GJ1000-9999,1 000-9 999 GJ,2007-S2,2007-07-01,2007,2,0.0293
SK,Slovakia,GJ1000-9999,1 000-9 999 GJ,2008-S1,2008-01-01,2008,1,0.034
SK,Slovakia,GJ1000-9999,1 000-9 999 GJ,2008-S2,2008-07-01,2008,2,0.048
SK,Slovakia,GJ1000-9999,1 000-9 999 GJ,2009-S1,2009-01-01,2009,1,0.0442
SK,Slovakia,GJ1000-9999,1 000-9 999 GJ,2009-S2,2009-07-01,2009,2,0.037
SK,Slovakia,GJ1000-9999,1 000-9 999 GJ,2010-S1,2010-01-01,2010,1,0.035
SK,Slovakia,GJ1000-9999,1 000-9 999 GJ,2010-S2,2010-07-01,2010,2,0.0412
SK,Slovakia,GJ1000-9999,1 000-9 999 GJ,2011-S1,2011-01-01,2011,1,0.0387
SK,Slovakia,GJ1000-9999,1 000-9 999 GJ,2011-S2,2011-07-01,2011,2,0.0473
SK,Slovakia,GJ1000-9999,1 000-9 999 GJ,2012-S1,2012-01-01,2012,1,0.0454
SK,Slovakia,GJ1000-9999,1 000-9 999 GJ,2012-S2,2012-07-01,2012,2,0.0479
SK,Slovakia,GJ1000-9999,1 000-9 999 GJ,2013-S1,2013-01-01,2013,1,0.0418
SK,Slovakia,GJ1000-9999,1 000-9 999 GJ,2013-S2,2013-07-01,2013,2,0.043
SK,Slovakia,GJ1000-9999,1 000-9 999 GJ,2014-S1,2014-01-01,2014,1,0.0413
SK,Slovakia,GJ1000-9999,1 000-9 999 GJ,2014-S2,2014-07-01,2014,2,0.0431
SK,Slovakia,GJ1000-9999,1 000-9 999 GJ,2015-S1,2015-01-01,2015,1,0.0392
SK,Slovakia,GJ1000-9999,1 000-9 999 GJ,2015-S2,2015-07-01,2015,2,0.0404
SK,Slovakia,GJ1000-9999,1 000-9 999 GJ,2016-S1,2016-01-01,2016,1,0.036
SK,Slovakia,GJ1000-9999,1 000-9 999 GJ,2016-S2,2016-07-01,2016,2,0.0357
SK,Slovakia,GJ1000-9999,1 000-9 999 GJ,2017-S1,2017-01-01,2017,1,0.0331
SK,Slovakia,GJ1000-9999,1 000-9 999 GJ,2017-S2,2017-07-01,2017,2,0.0349
SK,Slovakia,GJ1000-9999,1 000-9 999 GJ,2018-S1,2018-01-01,2018,1,0.0334
SK,Slovakia,GJ1000-9999,1 000-9 999 GJ,2018-S2,2018-07-01,2018,2,0.0364
SK,Slovakia,GJ1000-9999,1 000-9 999 GJ,2019-S1,2019-01-01,2019,1,0.0379
SK,Slovakia,GJ1000-9999,1 000-9 999 GJ,2019-S2,2019-07-01,2019,2,0.0409
SK,Slovakia,GJ1000-9999,1 000-9 999 GJ,2020-S1,2020-01-01,2020,1,0.0366
SK,Slovakia,GJ1000-9999,1 000-9 999 GJ,2020-S2,2020-07-01,2020,2,0.0373
SK,Slovakia,GJ1000-9999,1 000-9 999 GJ,2021-S1,2021-01-01,2021,1,0.0368
SK,Slovakia,GJ1000-9999,1 000-9 999 GJ,2021-S2,2021-07-01,2021,2,0.0475
SK,Slovakia,GJ1000-9999,1 000-9 999 GJ,2022-S1,2022-01-01,2022,1,0.0661
SK,Slovakia,GJ1000-9999,1 000-9 999 GJ,2022-S2,2022-07-01,2022,2,0.0866
SK,Slovakia,GJ1000-9999,1 000-9 999 GJ,2023-S1,2023-01-01,2023,1,0.1118
SK,Slovakia,GJ1000-9999,1 000-9 999 GJ,2023-S2,2023-07-01,2023,2,0.1073
SK,Slovakia,GJ1000-9999,1 000-9 999 GJ,2024-S1,2024-01-01,2024,1,0.08
SK,Slovakia,GJ1000-9999,1 000-9 999 GJ,2024-S2,2024-07-01,2024,2,0.0813
SK,Slovakia,GJ1000-9999,1 000-9 999 GJ,2025-S1,2025-01-01,2025,1,0.073
SK,Slovakia,GJ1000-9999,1 000-9 999 GJ,2025-S2,2025-07-01,2025,2,0.0731
SK,Slovakia,GJ10000-99999,10 000-99 999 GJ,2007-S2,2007-07-01,2007,2,0.0286
SK,Slovakia,GJ10000-99999,10 000-99 999 GJ,2008-S1,2008-01-01,2008,1,0.0334
SK,Slovakia,GJ10000-99999,10 000-99 999 GJ,2008-S2,2008-07-01,2008,2,0.0472
SK,Slovakia,GJ10000-99999,10 000-99 999 GJ,2009-S1,2009-01-01,2009,1,0.0407
SK,Slovakia,GJ10000-99999,10 000-99 999 GJ,2009-S2,2009-07-01,2009,2,0.0321
SK,Slovakia,GJ10000-99999,10 000-99 999 GJ,2010-S1,2010-01-01,2010,1,0.0328
SK,Slovakia,GJ10000-99999,10 000-99 999 GJ,2010-S2,2010-07-01,2010,2,0.0368
SK,Slovakia,GJ10000-99999,10 000-99 999 GJ,2011-S1,2011-01-01,2011,1,0.0345
SK,Slovakia,GJ10000-99999,10 000-99 999 GJ,2011-S2,2011-07-01,2011,2,0.0409
SK,Slovakia,GJ10000-99999,10 000-99 999 GJ,2012-S1,2012-01-01,2012,1,0.0395
SK,Slovakia,GJ10000-99999,10 000-99 999 GJ,2012-S2,2012-07-01,2012,2,0.0413
SK,Slovakia,GJ10000-99999,10 000-99 999 GJ,2013-S1,2013-01-01,2013,1,0.0369
SK,Slovakia,GJ10000-99999,10 000-99 999 GJ,2013-S2,2013-07-01,2013,2,0.0387
SK,Slovakia,GJ10000-99999,10 000-99 999 GJ,2014-S1,2014-01-01,2014,1,0.037
SK,Slovakia,GJ10000-99999,10 000-99 999 GJ,2014-S2,2014-07-01,2014,2,0.0376
SK,Slovakia,GJ10000-99999,10 000-99 999 GJ,2015-S1,2015-01-01,2015,1,0.0347
SK,Slovakia,GJ10000-99999,10 000-99 999 GJ,2015-S2,2015-07-01,2015,2,0.0347
SK,Slovakia,GJ10000-99999,10 000-99 999 GJ,2016-S1,2016-01-01,2016,1,0.0305
SK,Slovakia,GJ10000-99999,10 000-99 999 GJ,2016-S2,2016-07-01,2016,2,0.0312
SK,Slovakia,GJ10000-99999,10 000-99 999 GJ,2017-S1,2017-01-01,2017,1,0.0282
SK,Slovakia,GJ10000-99999,10 000-99 999 GJ,2017-S2,2017-07-01,2017,2,0.0291
SK,Slovakia,GJ10000-99999,10 000-99 999 GJ,2018-S1,2018-01-01,2018,1,0.0289
SK,Slovakia,GJ10000-99999,10 000-99 999 GJ,2018-S2,2018-07-01,2018,2,0.0308
SK,Slovakia,GJ10000-99999,10 000-99 999 GJ,2019-S1,2019-01-01,2019,1,0.0342
SK,Slovakia,GJ10000-99999,10 000-99 999 GJ,2019-S2,2019-07-01,2019,2,0.0357
SK,Slovakia,GJ10000-99999,10 000-99 999 GJ,2020-S1,2020-01-01,2020,1,0.0306
SK,Slovakia,GJ10000-99999,10 000-99 999 GJ,2020-S2,2020-07-01,2020,2,0.032
SK,Slovakia,GJ10000-99999,10 000-99 999 GJ,2021-S1,2021-01-01,2021,1,0.0275
SK,Slovakia,GJ10000-99999,10 000-99 999 GJ,2021-S2,2021-07-01,2021,2,0.0329
SK,Slovakia,GJ10000-99999,10 000-99 999 GJ,2022-S1,2022-01-01,2022,1,0.0594
SK,Slovakia,GJ10000-99999,10 000-99 999 GJ,2022-S2,2022-07-01,2022,2,0.0779
SK,Slovakia,GJ10000-99999,10 000-99 999 GJ,2023-S1,2023-01-01,2023,1,0.098
SK,Slovakia,GJ10000-99999,10 000-99 999 GJ,2023-S2,2023-07-01,2023,2,0.0961
SK,Slovakia,GJ10000-99999,10 000-99 999 GJ,2024-S1,2024-01-01,2024,1,0.0709
SK,Slovakia,GJ10000-99999,10 000-99 999 GJ,2024-S2,2024-07-01,2024,2,0.072
SK,Slovakia,GJ10000-99999,10 000-99 999 GJ,2025-S1,2025-01-01,2025,1,0.0659
SK,Slovakia,GJ10000-99999,10 000-99 999 GJ,2025-S2,2025-07-01,2025,2,0.064
SK,Slovakia,GJ100000-999999,100 000-999 999 GJ,2007-S2,2007-07-01,2007,2,0.0265
SK,Slovakia,GJ100000-999999,100 000-999 999 GJ,2008-S1,2008-01-01,2008,1,0.031
SK,Slovakia,GJ100000-999999,100 000-999 999 GJ,2008-S2,2008-07-01,2008,2,0.0435
SK,Slovakia,GJ100000-999999,100 000-999 999 GJ,2009-S1,2009-01-01,2009,1,0.0364
SK,Slovakia,GJ100000-999999,100 000-999 999 GJ,2009-S2,2009-07-01,2009,2,0.0292
SK,Slovakia,GJ100000-999999,100 000-999 999 GJ,2010-S1,2010-01-01,2010,1,0.0297
SK,Slovakia,GJ100000-999999,100 000-999 999 GJ,2010-S2,2010-07-01,2010,2,0.0302
SK,Slovakia,GJ100000-999999,100 000-999 999 GJ,2011-S1,2011-01-01,2011,1,0.0304
SK,Slovakia,GJ100000-999999,100 000-999 999 GJ,2011-S2,2011-07-01,2011,2,0.0325
SK,Slovakia,GJ100000-999999,100 000-999 999 GJ,2012-S1,2012-01-01,2012,1,0.0333
SK,Slovakia,GJ100000-999999,100 000-999 999 GJ,2012-S2,2012-07-01,2012,2,0.0321
SK,Slovakia,GJ100000-999999,100 000-999 999 GJ,2013-S1,2013-01-01,2013,1,0.0357
SK,Slovakia,GJ100000-999999,100 000-999 999 GJ,2013-S2,2013-07-01,2013,2,0.0347
SK,Slovakia,GJ100000-999999,100 000-999 999 GJ,2014-S1,2014-01-01,2014,1,0.034
SK,Slovakia,GJ100000-999999,100 000-999 999 GJ,2014-S2,2014-07-01,2014,2,0.0345
SK,Slovakia,GJ100000-999999,100 000-999 999 GJ,2015-S1,2015-01-01,2015,1,0.0324
SK,Slovakia,GJ100000-999999,100 000-999 999 GJ,2015-S2,2015-07-01,2015,2,0.0321
SK,Slovakia,GJ100000-999999,100 000-999 999 GJ,2016-S1,2016-01-01,2016,1,0.0281
SK,Slovakia,GJ100000-999999,100 000-999 999 GJ,2016-S2,2016-07-01,2016,2,0.0277
SK,Slovakia,GJ100000-999999,100 000-999 999 GJ,2017-S1,2017-01-01,2017,1,0.0251
SK,Slovakia,GJ100000-999999,100 000-999 999 GJ,2017-S2,2017-07-01,2017,2,0.0246
SK,Slovakia,GJ100000-999999,100 000-999 999 GJ,2018-S1,2018-01-01,2018,1,0.025
SK,Slovakia,GJ100000-999999,100 000-999 999 GJ,2018-S2,2018-07-01,2018,2,0.0264
SK,Slovakia,GJ100000-999999,100 000-999 999 GJ,2019-S1,2019-01-01,2019,1,0.028
SK,Slovakia,GJ100000-999999,100 000-999 999 GJ,2019-S2,2019-07-01,2019,2,0.0276
SK,Slovakia,GJ100000-999999,100 000-999 999 GJ,2020-S1,2020-01-01,2020,1,0.0251
SK,Slovakia,GJ100000-999999,100 000-999 999 GJ,2020-S2,2020-07-01,2020,2,0.0257
SK,Slovakia,GJ100000-999999,100 000-999 999 GJ,2021-S1,2021-01-01,2021,1,0.0212
SK,Slovakia,GJ100000-999999,100 000-999 999 GJ,2021-S2,2021-07-01,2021,2,0.0325
SK,Slovakia,GJ100000-999999,100 000-999 999 GJ,2022-S1,2022-01-01,2022,1,0.0675
SK,Slovakia,GJ100000-999999,100 000-999 999 GJ,2022-S2,2022-07-01,2022,2,0.0868
SK,Slovakia,GJ100000-999999,100 000-999 999 GJ,2023-S1,2023-01-01,2023,1,0.0858
SK,Slovakia,GJ100000-999999,100 000-999 999 GJ,2023-S2,2023-07-01,2023,2,0.0758
SK,Slovakia,GJ100000-999999,100 000-999 999 GJ,2024-S1,2024-01-01,2024,1,0.0597
SK,Slovakia,GJ100000-999999,100 000-999 999 GJ,2024-S2,2024-07-01,2024,2,0.0607
SK,Slovakia,GJ100000-999999,100 000-999 999 GJ,2025-S1,2025-01-01,2025,1,0.0575
SK,Slovakia,GJ100000-999999,100 000-999 999 GJ,2025-S2,2025-07-01,2025,2,0.0538
SK,Slovakia,GJ_LT1000,< 1 000 GJ,2007-S2,2007-07-01,2007,2,0.0349
SK,Slovakia,GJ_LT1000,< 1 000 GJ,2008-S1,2008-01-01,2008,1,0.0379
SK,Slovakia,GJ_LT1000,< 1 000 GJ,2008-S2,2008-07-01,2008,2,0.0506
SK,Slovakia,GJ_LT1000,< 1 000 GJ,2009-S1,2009-01-01,2009,1,0.0514
SK,Slovakia,GJ_LT1000,< 1 000 GJ,2009-S2,2009-07-01,2009,2,0.0407
SK,Slovakia,GJ_LT1000,< 1 000 GJ,2010-S1,2010-01-01,2010,1,0.0404
SK,Slovakia,GJ_LT1000,< 1 000 GJ,2010-S2,2010-07-01,2010,2,0.0456
SK,Slovakia,GJ_LT1000,< 1 000 GJ,2011-S1,2011-01-01,2011,1,0.0458
SK,Slovakia,GJ_LT1000,< 1 000 GJ,2011-S2,2011-07-01,2011,2,0.0506
SK,Slovakia,GJ_LT1000,< 1 000 GJ,2012-S1,2012-01-01,2012,1,0.0528
SK,Slovakia,GJ_LT1000,< 1 000 GJ,2012-S2,2012-07-01,2012,2,0.053
SK,Slovakia,GJ_LT1000,< 1 000 GJ,2013-S1,2013-01-01,2013,1,0.0506
SK,Slovakia,GJ_LT1000,< 1 000 GJ,2013-S2,2013-07-01,2013,2,0.0505
SK,Slovakia,GJ_LT1000,< 1 000 GJ,2014-S1,2014-01-01,2014,1,0.0508
SK,Slovakia,GJ_LT1000,< 1 000 GJ,2014-S2,2014-07-01,2014,2,0.0503
SK,Slovakia,GJ_LT1000,< 1 000 GJ,2015-S1,2015-01-01,2015,1,0.0474
SK,Slovakia,GJ_LT1000,< 1 000 GJ,2015-S2,2015-07-01,2015,2,0.0464
SK,Slovakia,GJ_LT1000,< 1 000 GJ,2016-S1,2016-01-01,2016,1,0.0451
SK,Slovakia,GJ_LT1000,< 1 000 GJ,2016-S2,2016-07-01,2016,2,0.0429
SK,Slovakia,GJ_LT1000,< 1 000 GJ,2017-S1,2017-01-01,2017,1,0.0387
SK,Slovakia,GJ_LT1000,< 1 000 GJ,2017-S2,2017-07-01,2017,2,0.0427
SK,Slovakia,GJ_LT1000,< 1 000 GJ,2018-S1,2018-01-01,2018,1,0.0383
SK,Slovakia,GJ_LT1000,< 1 000 GJ,2018-S2,2018-07-01,2018,2,0.0415
SK,Slovakia,GJ_LT1000,< 1 000 GJ,2019-S1,2019-01-01,2019,1,0.0412
SK,Slovakia,GJ_LT1000,< 1 000 GJ,2019-S2,2019-07-01,2019,2,0.0444
SK,Slovakia,GJ_LT1000,< 1 000 GJ,2020-S1,2020-01-01,2020,1,0.0431
SK,Slovakia,GJ_LT1000,< 1 000 GJ,2020-S2,2020-07-01,2020,2,0.0453
SK,Slovakia,GJ_LT1000,< 1 000 GJ,2021-S1,2021-01-01,2021,1,0.0428
SK,Slovakia,GJ_LT1000,< 1 000 GJ,2021-S2,2021-07-01,2021,2,0.0509
SK,Slovakia,GJ_LT1000,< 1 000 GJ,2022-S1,2022-01-01,2022,1,0.065
SK,Slovakia,GJ_LT1000,< 1 000 GJ,2022-S2,2022-07-01,2022,2,0.0737
SK,Slovakia,GJ_LT1000,< 1 000 GJ,2023-S1,2023-01-01,2023,1,0.1059
SK,Slovakia,GJ_LT1000,< 1 000 GJ,2023-S2,2023-07-01,2023,2,0.1107
SK,Slovakia,GJ_LT1000,< 1 000 GJ,2024-S1,2024-01-01,2024,1,0.0926
SK,Slovakia,GJ_LT1000,< 1 000 GJ,2024-S2,2024-07-01,2024,2,0.0871
SK,Slovakia,GJ_LT1000,< 1 000 GJ,2025-S1,2025-01-01,2025,1,0.0754
SK,Slovakia,GJ_LT1000,< 1 000 GJ,2025-S2,2025-07-01,2025,2,0.0781
