geo,country,year,energy_supply,network_costs,taxes_excl_vat,total_excl_vat,headline_excl_vat,share_energy_supply,share_network,share_taxes,deviation_pct
AT,Austria,2017,0.0354,0.0226,0.026199999999999998,0.0842,0.08285000000000001,0.42042755344418054,0.2684085510688836,0.31116389548693585,1.63
AT,Austria,2018,0.0374,0.0242,0.0249,0.0865,0.0865,0.43236994219653185,0.27976878612716766,0.2878612716763006,0.0
AT,Austria,2019,0.045,0.0263,0.0239,0.0952,0.0953,0.47268907563025203,0.27626050420168063,0.2510504201680672,-0.1
AT,Austria,2020,0.0457,0.0269,0.0272,0.0998,0.0998,0.4579158316633266,0.2695390781563126,0.2725450901803607,0.0
AT,Austria,2021,0.0582,0.0277,0.027899999999999998,0.1138,0.1137,0.5114235500878734,0.24340949033391915,0.24516695957820736,0.09
AT,Austria,2022,0.1455,0.0281,0.010799999999999997,0.18439999999999998,0.18419999999999997,0.7890455531453363,0.15238611713665945,0.05856832971800433,0.11
AT,Austria,2023,0.1896,0.0333,0.004299999999999998,0.22719999999999999,0.2271,0.8345070422535211,0.14656690140845072,0.01892605633802816,0.04
AT,Austria,2024,0.1368,0.0349,0.0039000000000000007,0.17560000000000003,0.17559999999999998,0.7790432801822322,0.19874715261958995,0.022209567198177675,0.0
AT,Austria,2025,0.1173,0.0399,0.022899999999999997,0.1801,0.18009999999999998,0.6513048306496391,0.22154358689616876,0.12715158245419209,0.0
CZ,Czechia,2017,0.0331,0.0198,0.0106,0.0635,0.0625,0.521259842519685,0.31181102362204727,0.16692913385826771,1.6
CZ,Czechia,2018,0.0341,0.0203,0.009000000000000001,0.0634,0.0637,0.5378548895899053,0.32018927444794953,0.14195583596214514,-0.47
CZ,Czechia,2019,0.0437,0.0211,0.009500000000000001,0.0743,0.07425,0.5881561238223418,0.2839838492597577,0.1278600269179004,0.07
CZ,Czechia,2020,0.0492,0.0222,0.009899999999999999,0.08130000000000001,0.08145,0.6051660516605165,0.27306273062730624,0.1217712177121771,-0.18
CZ,Czechia,2021,0.0559,0.0273,0.011200000000000002,0.0944,0.0937,0.5921610169491526,0.2891949152542373,0.11864406779661019,0.75
CZ,Czechia,2022,0.1366,0.0247,0.0075,0.1688,0.1683,0.8092417061611374,0.14632701421800948,0.044431279620853074,0.3
CZ,Czechia,2023,0.144,0.0305,0.0011999999999999997,0.1757,0.178,0.819578827546955,0.17359134889015368,0.0068298235628912905,-1.29
CZ,Czechia,2024,0.112,0.0444,0.017099999999999997,0.17350000000000002,0.1742,0.6455331412103746,0.2559077809798271,0.09855907780979825,-0.4
CZ,Czechia,2025,0.1102,0.0385,0.0179,0.1666,0.16455,0.6614645858343338,0.23109243697478993,0.10744297719087635,1.25
EU27_2020,EU average,2017,0.0438,0.0215,,,0.09659999999999999,,,,
EU27_2020,EU average,2018,0.048,0.0198,,,0.09559999999999999,,,,
EU27_2020,EU average,2019,0.0506,0.0205,0.0359,0.107,0.1038,0.47289719626168225,0.191588785046729,0.3355140186915888,3.08
EU27_2020,EU average,2020,0.049,0.0223,0.038,0.10930000000000001,0.1068,0.44830741079597436,0.2040256175663312,0.3476669716376944,2.34
EU27_2020,EU average,2021,0.0633,0.0215,0.0377,0.12249999999999998,0.12054999999999999,0.516734693877551,0.17551020408163268,0.30775510204081635,1.62
EU27_2020,EU average,2022,0.1471,0.0237,0.017300000000000003,0.18810000000000002,0.1879,0.7820308346624136,0.1259968102073365,0.09197235513024987,0.11
EU27_2020,EU average,2023,0.147,0.0272,0.022,0.19619999999999999,0.19405,0.7492354740061162,0.13863404689092762,0.11213047910295616,1.11
EU27_2020,EU average,2024,0.1116,0.0308,0.026299999999999997,0.1687,0.1671,0.6615293420272674,0.18257261410788383,0.15589804386484885,0.96
EU27_2020,EU average,2025,0.1021,0.0336,0.0276,0.1633,0.1618,0.6252296387017758,0.20575627679118186,0.16901408450704225,0.93
DE,Germany,2017,0.0321,0.0324,,,0.1269,,,,
DE,Germany,2018,0.0358,0.0292,,,0.1232,,,,
DE,Germany,2019,0.031,0.0313,0.0873,0.1496,0.13355,0.2072192513368984,0.2092245989304813,0.5835561497326203,12.02
DE,Germany,2020,0.038,0.0338,0.091,0.1628,0.15215,0.2334152334152334,0.20761670761670759,0.5589680589680589,7.0
DE,Germany,2021,0.0502,0.031,0.086,0.1672,0.15715,0.3002392344497608,0.18540669856459333,0.5143540669856459,6.4
DE,Germany,2022,0.1262,0.0319,0.04580000000000001,0.20390000000000003,0.19385,0.618930848455125,0.15644923982344283,0.2246199117214321,5.18
DE,Germany,2023,0.1387,0.0411,0.033800000000000004,0.21359999999999998,0.2036,0.6493445692883895,0.19241573033707865,0.15823970037453186,4.91
DE,Germany,2024,0.1235,0.0543,0.033699999999999994,0.21150000000000002,0.20465,0.5839243498817966,0.25673758865248225,0.159338061465721,3.35
DE,Germany,2025,0.1052,0.0554,0.03889999999999999,0.19949999999999998,0.1927,0.5273182957393484,0.27769423558897244,0.19498746867167915,3.53
HU,Hungary,2017,0.04,0.021,0.0133,0.0743,0.07339999999999999,0.53835800807537,0.28263795423956933,0.17900403768506054,1.23
HU,Hungary,2018,0.0466,0.0195,0.0092,0.0753,0.0764,0.6188579017264276,0.2589641434262948,0.12217795484727755,-1.44
HU,Hungary,2019,0.0571,0.0201,0.010200000000000004,0.08739999999999999,0.08865,0.6533180778032037,0.2299771167048055,0.1167048054919909,-1.41
HU,Hungary,2020,0.0536,0.0223,0.012399999999999998,0.08829999999999999,0.08975,0.607021517553794,0.25254813137032844,0.14043035107587767,-1.62
HU,Hungary,2021,0.0632,0.0232,0.006700000000000001,0.0931,0.0932,0.6788399570354459,0.24919441460794842,0.0719656283566058,-0.11
HU,Hungary,2022,0.1736,0.0295,-0.0017000000000000001,0.2014,0.20815,0.861966236345581,0.1464746772591857,-0.008440913604766634,-3.24
HU,Hungary,2023,0.1765,0.0678,0.008199999999999999,0.2525,0.2537,0.699009900990099,0.26851485148514853,0.03247524752475247,-0.47
HU,Hungary,2024,0.131,0.0495,0.018200000000000008,0.1987,0.2005,0.6592853548062406,0.249119275289381,0.0915953699043785,-0.9
HU,Hungary,2025,0.1234,0.0487,0.018399999999999993,0.1905,0.18735,0.6477690288713911,0.25564304461942255,0.09658792650918631,1.68
PL,Poland,2017,0.0376,0.0187,0.019699999999999995,0.076,0.0759,0.4947368421052632,0.24605263157894738,0.2592105263157894,0.13
PL,Poland,2018,0.0377,0.0171,0.022399999999999996,0.07719999999999999,0.0779,0.4883419689119171,0.22150259067357517,0.29015544041450775,-0.9
PL,Poland,2019,0.0462,0.0183,0.0199,0.0844,0.08460000000000001,0.5473933649289099,0.21682464454976302,0.235781990521327,-0.24
PL,Poland,2020,0.051,0.0188,0.026600000000000002,0.0964,0.09715,0.529045643153527,0.1950207468879668,0.27593360995850624,-0.77
PL,Poland,2021,0.043,0.0181,0.036199999999999996,0.0973,0.0975,0.4419321685508736,0.18602261048304217,0.3720452209660842,-0.21
PL,Poland,2022,0.0803,0.0188,0.0543,0.15339999999999998,0.15555,0.5234680573663625,0.12255541069100394,0.3539765319426337,-1.38
PL,Poland,2023,0.1048,0.0311,0.0721,0.208,0.2042,0.5038461538461539,0.14951923076923077,0.3466346153846154,1.86
PL,Poland,2024,0.0844,0.0323,0.06920000000000001,0.1859,0.18414999999999998,0.45400753093060786,0.17374932759548145,0.37224314147391074,0.95
PL,Poland,2025,0.0787,0.0335,0.060700000000000004,0.1729,0.17304999999999998,0.4551764025448236,0.1937536148062464,0.35106998264893,-0.09
SK,Slovakia,2017,0.0345,0.0318,0.0378,0.1041,0.10400000000000001,0.33141210374639773,0.3054755043227666,0.3631123919308357,0.1
SK,Slovakia,2018,0.0421,0.0292,0.038,0.10930000000000001,0.10925,0.3851784080512351,0.26715462031107046,0.3476669716376944,0.05
SK,Slovakia,2019,0.0534,0.0334,0.0365,0.12329999999999999,0.12329999999999999,0.43309002433090027,0.2708840227088402,0.2960259529602595,0.0
SK,Slovakia,2020,0.055,0.0348,0.0345,0.1243,0.124,0.4424778761061947,0.27996781979082863,0.2775543041029767,0.24
SK,Slovakia,2021,0.0584,0.0305,0.0347,0.12360000000000002,0.12345,0.4724919093851132,0.2467637540453074,0.28074433656957926,0.12
SK,Slovakia,2022,0.1787,0.0314,0.0228,0.2329,0.23410000000000003,0.7672820953198798,0.1348218119364534,0.09789609274366681,-0.51
SK,Slovakia,2023,0.1661,0.0317,0.033800000000000004,0.2316,0.23154999999999998,0.7171848013816926,0.13687392055267703,0.14594127806563043,0.02
SK,Slovakia,2024,0.1232,0.0316,0.0228,0.17759999999999998,0.17715,0.6936936936936938,0.17792792792792797,0.1283783783783784,0.25
SK,Slovakia,2025,0.1149,0.0409,0.025300000000000003,0.18109999999999998,0.18105,0.6344561016013253,0.22584207620099395,0.13970182219768087,0.03
