geo,time,NRG_SUP,NETC,TAX_FEE_LEV_CHRG,VAT,naive_sum,naive_deviation_pct,total_excl_vat,headline_excl_vat,deviation_pct
AT,2017,0.0354,0.0226,0.043,0.0168,0.10099999999999999,21.91,0.0842,0.08285000000000001,1.63
AT,2018,0.0374,0.0242,0.0421,0.0172,0.1037,19.88,0.0865,0.0865,0.0
AT,2019,0.045,0.0263,0.0429,0.019,0.1142,19.83,0.0952,0.0953,-0.1
AT,2020,0.0457,0.0269,0.047,0.0198,0.1196,19.84,0.0998,0.0998,0.0
AT,2021,0.0582,0.0277,0.0506,0.0227,0.1365,20.05,0.1138,0.1137,0.09
AT,2022,0.1455,0.0281,0.0477,0.0369,0.22129999999999997,20.14,0.18439999999999998,0.18419999999999997,0.11
AT,2023,0.1896,0.0333,0.0497,0.0454,0.2726,20.04,0.22719999999999999,0.2271,0.04
AT,2024,0.1368,0.0349,0.039,0.0351,0.21070000000000003,19.99,0.17560000000000003,0.17559999999999998,0.0
AT,2025,0.1173,0.0399,0.059,0.0361,0.2162,20.04,0.1801,0.18009999999999998,0.0
CZ,2017,0.0331,0.0198,0.024,0.0134,0.0769,23.04,0.0635,0.0625,1.6
CZ,2018,0.0341,0.0203,0.0223,0.0133,0.07669999999999999,20.41,0.0634,0.0637,-0.47
CZ,2019,0.0437,0.0211,0.0251,0.0156,0.0899,21.08,0.0743,0.07425,0.07
CZ,2020,0.0492,0.0222,0.0269,0.017,0.0983,20.69,0.08130000000000001,0.08145,-0.18
CZ,2021,0.0559,0.0273,0.0274,0.0162,0.1106,18.04,0.0944,0.0937,0.75
CZ,2022,0.1366,0.0247,0.043,0.0355,0.20429999999999998,21.39,0.1688,0.1683,0.3
CZ,2023,0.144,0.0305,0.0381,0.0369,0.21259999999999998,19.44,0.1757,0.178,-1.29
CZ,2024,0.112,0.0444,0.0535,0.0364,0.2099,20.49,0.17350000000000002,0.1742,-0.4
CZ,2025,0.1102,0.0385,0.0529,0.035,0.2016,22.52,0.1666,0.16455,1.25
DE,2017,0.0321,0.0324,,,,,,0.1269,
DE,2018,0.0358,0.0292,,,,,,0.1232,
DE,2019,0.031,0.0313,0.1158,0.0285,0.1781,33.36,0.1496,0.13355,12.02
DE,2020,0.038,0.0338,0.1193,0.0283,0.1911,25.6,0.1628,0.15215,7.0
DE,2021,0.0502,0.031,0.1178,0.0318,0.199,26.63,0.1672,0.15715,6.4
DE,2022,0.1262,0.0319,0.0845,0.0387,0.24260000000000004,25.15,0.20390000000000003,0.19385,5.18
DE,2023,0.1387,0.0411,0.0743,0.0405,0.2541,24.8,0.21359999999999998,0.2036,4.91
DE,2024,0.1235,0.0543,0.0739,0.0402,0.25170000000000003,22.99,0.21150000000000002,0.20465,3.35
DE,2025,0.1052,0.0554,0.0768,0.0379,0.2374,23.2,0.19949999999999998,0.1927,3.53
EU27_2020,2017,0.0438,0.0215,,,,,,0.09659999999999999,
EU27_2020,2018,0.048,0.0198,,,,,,0.09559999999999999,
EU27_2020,2019,0.0506,0.0205,0.0559,0.02,0.127,22.35,0.107,0.1038,3.08
EU27_2020,2020,0.049,0.0223,0.0581,0.0201,0.12940000000000002,21.16,0.10930000000000001,0.1068,2.34
EU27_2020,2021,0.0633,0.0215,0.0601,0.0224,0.14489999999999997,20.2,0.12249999999999998,0.12054999999999999,1.62
EU27_2020,2022,0.1471,0.0237,0.0494,0.0321,0.2202,17.19,0.18810000000000002,0.1879,0.11
EU27_2020,2023,0.147,0.0272,0.0583,0.0363,0.23249999999999998,19.81,0.19619999999999999,0.19405,1.11
EU27_2020,2024,0.1116,0.0308,0.0576,0.0313,0.2,19.69,0.1687,0.1671,0.96
EU27_2020,2025,0.1021,0.0336,0.0576,0.03,0.19329999999999997,19.47,0.1633,0.1618,0.93
HU,2017,0.04,0.021,0.0298,0.0165,0.09079999999999999,23.71,0.0743,0.07339999999999999,1.23
HU,2018,0.0466,0.0195,0.0273,0.0181,0.09340000000000001,22.25,0.0753,0.0764,-1.44
HU,2019,0.0571,0.0201,0.0316,0.0214,0.1088,22.73,0.08739999999999999,0.08865,-1.41
HU,2020,0.0536,0.0223,0.0331,0.0207,0.10899999999999999,21.45,0.08829999999999999,0.08975,-1.62
HU,2021,0.0632,0.0232,0.0303,0.0236,0.1167,25.21,0.0931,0.0932,-0.11
HU,2022,0.1736,0.0295,0.0533,0.055,0.2564,23.18,0.2014,0.20815,-3.24
HU,2023,0.1765,0.0678,0.0744,0.0662,0.3187,25.62,0.2525,0.2537,-0.47
HU,2024,0.131,0.0495,0.0671,0.0489,0.2476,23.49,0.1987,0.2005,-0.9
HU,2025,0.1234,0.0487,0.0652,0.0468,0.2373,26.66,0.1905,0.18735,1.68
PL,2017,0.0376,0.0187,0.0372,0.0175,0.0935,23.19,0.076,0.0759,0.13
PL,2018,0.0377,0.0171,0.0401,0.0177,0.0949,21.82,0.07719999999999999,0.0779,-0.9
PL,2019,0.0462,0.0183,0.0393,0.0194,0.1038,22.7,0.0844,0.08460000000000001,-0.24
PL,2020,0.051,0.0188,0.0488,0.0222,0.11860000000000001,22.08,0.0964,0.09715,-0.77
PL,2021,0.043,0.0181,0.0586,0.0224,0.1197,22.77,0.0973,0.0975,-0.21
PL,2022,0.0803,0.0188,0.0659,0.0116,0.16499999999999998,6.08,0.15339999999999998,0.15555,-1.38
PL,2023,0.1048,0.0311,0.1199,0.0478,0.2558,25.27,0.208,0.2042,1.86
PL,2024,0.0844,0.0323,0.112,0.0428,0.22870000000000001,24.19,0.1859,0.18414999999999998,0.95
PL,2025,0.0787,0.0335,0.1004,0.0397,0.2126,22.85,0.1729,0.17304999999999998,-0.09
SK,2017,0.0345,0.0318,0.0586,0.0208,0.1249,20.1,0.1041,0.10400000000000001,0.1
SK,2018,0.0421,0.0292,0.0598,0.0218,0.1311,20.0,0.10930000000000001,0.10925,0.05
SK,2019,0.0534,0.0334,0.0612,0.0247,0.148,20.03,0.12329999999999999,0.12329999999999999,0.0
SK,2020,0.055,0.0348,0.0593,0.0248,0.14909999999999998,20.24,0.1243,0.124,0.24
SK,2021,0.0584,0.0305,0.0594,0.0247,0.14830000000000002,20.13,0.12360000000000002,0.12345,0.12
SK,2022,0.1787,0.0314,0.0694,0.0466,0.2795,19.39,0.2329,0.23410000000000003,-0.51
SK,2023,0.1661,0.0317,0.0801,0.0463,0.27790000000000004,20.02,0.2316,0.23154999999999998,0.02
SK,2024,0.1232,0.0316,0.0583,0.0355,0.21309999999999998,20.29,0.17759999999999998,0.17715,0.25
SK,2025,0.1149,0.0409,0.0597,0.0344,0.2155,19.03,0.18109999999999998,0.18105,0.03
