month,hour,price_eur_mwh,year,year_baseload
1,0,44.27677419354839,2021,100.662
1,1,42.32258064516128,2021,100.662
1,2,40.924838709677424,2021,100.662
1,3,39.846451612903216,2021,100.662
1,4,40.979677419354836,2021,100.662
1,5,43.46387096774194,2021,100.662
1,6,50.58161290322581,2021,100.662
1,7,57.971612903225804,2021,100.662
1,8,62.09322580645161,2021,100.662
1,9,65.00451612903227,2021,100.662
1,10,64.53741935483872,2021,100.662
1,11,64.7216129032258,2021,100.662
1,12,63.536774193548396,2021,100.662
1,13,61.91806451612903,2021,100.662
1,14,61.05612903225808,2021,100.662
1,15,61.88903225806452,2021,100.662
1,16,65.69645161290323,2021,100.662
1,17,69.8967741935484,2021,100.662
1,18,68.82064516129033,2021,100.662
1,19,65.77677419354839,2021,100.662
1,20,60.41741935483871,2021,100.662
1,21,53.96548387096773,2021,100.662
1,22,51.89870967741936,2021,100.662
1,23,46.32645161290323,2021,100.662
2,0,40.52928571428572,2021,100.662
2,1,37.56678571428571,2021,100.662
2,2,36.71642857142857,2021,100.662
2,3,35.59571428571429,2021,100.662
2,4,36.34892857142857,2021,100.662
2,5,39.246071428571426,2021,100.662
2,6,47.94392857142857,2021,100.662
2,7,56.44642857142857,2021,100.662
2,8,60.38321428571429,2021,100.662
2,9,60.61714285714286,2021,100.662
2,10,57.81785714285714,2021,100.662
2,11,55.820357142857134,2021,100.662
2,12,53.13464285714286,2021,100.662
2,13,51.10571428571428,2021,100.662
2,14,50.117142857142866,2021,100.662
2,15,51.96714285714285,2021,100.662
2,16,55.65321428571429,2021,100.662
2,17,63.496428571428574,2021,100.662
2,18,66.66,2021,100.662
2,19,63.19357142857143,2021,100.662
2,20,56.93500000000001,2021,100.662
2,21,49.62821428571429,2021,100.662
2,22,47.334999999999994,2021,100.662
2,23,41.80821428571428,2021,100.662
3,0,46.61516129032258,2021,100.662
3,1,44.57516129032259,2021,100.662
3,2,43.21266666666666,2021,100.662
3,3,43.20290322580646,2021,100.662
3,4,44.07838709677419,2021,100.662
3,5,47.972258064516126,2021,100.662
3,6,55.638387096774196,2021,100.662
3,7,61.66935483870968,2021,100.662
3,8,62.252580645161295,2021,100.662
3,9,58.0925806451613,2021,100.662
3,10,53.69774193548386,2021,100.662
3,11,52.365161290322575,2021,100.662
3,12,51.03258064516129,2021,100.662
3,13,49.19612903225807,2021,100.662
3,14,48.814516129032256,2021,100.662
3,15,50.32419354838709,2021,100.662
3,16,53.31838709677418,2021,100.662
3,17,58.574193548387086,2021,100.662
3,18,67.91838709677418,2021,100.662
3,19,71.05806451612904,2021,100.662
3,20,63.97870967741936,2021,100.662
3,21,57.33419354838709,2021,100.662
3,22,54.736451612903224,2021,100.662
3,23,49.39516129032259,2021,100.662
4,0,55.23500000000001,2021,100.662
4,1,52.40466666666667,2021,100.662
4,2,51.15633333333333,2021,100.662
4,3,50.30033333333334,2021,100.662
4,4,51.26199999999999,2021,100.662
4,5,54.15599999999999,2021,100.662
4,6,64.184,2021,100.662
4,7,73.13000000000001,2021,100.662
4,8,75.30266666666667,2021,100.662
4,9,66.27666666666667,2021,100.662
4,10,59.942333333333316,2021,100.662
4,11,58.415333333333336,2021,100.662
4,12,56.73366666666667,2021,100.662
4,13,52.883,2021,100.662
4,14,50.154,2021,100.662
4,15,49.823,2021,100.662
4,16,52.328,2021,100.662
4,17,57.228,2021,100.662
4,18,65.84866666666666,2021,100.662
4,19,76.30766666666666,2021,100.662
4,20,78.98966666666666,2021,100.662
4,21,70.37133333333333,2021,100.662
4,22,65.09833333333333,2021,100.662
4,23,58.344000000000015,2021,100.662
5,0,56.635161290322586,2021,100.662
5,1,51.5458064516129,2021,100.662
5,2,48.475161290322575,2021,100.662
5,3,47.00322580645161,2021,100.662
5,4,47.30258064516129,2021,100.662
5,5,50.83258064516129,2021,100.662
5,6,61.181935483870966,2021,100.662
5,7,69.32709677419356,2021,100.662
5,8,70.48387096774194,2021,100.662
5,9,65.14645161290322,2021,100.662
5,10,59.39225806451613,2021,100.662
5,11,58.28096774193548,2021,100.662
5,12,55.290645161290314,2021,100.662
5,13,49.577741935483864,2021,100.662
5,14,44.84903225806451,2021,100.662
5,15,46.784516129032255,2021,100.662
5,16,50.16290322580646,2021,100.662
5,17,57.4916129032258,2021,100.662
5,18,67.41903225806452,2021,100.662
5,19,75.68870967741934,2021,100.662
5,20,80.98483870967742,2021,100.662
5,21,75.63935483870966,2021,100.662
5,22,71.15967741935485,2021,100.662
5,23,62.29225806451613,2021,100.662
6,0,72.05100000000002,2021,100.662
6,1,67.02933333333334,2021,100.662
6,2,64.31400000000001,2021,100.662
6,3,62.65033333333334,2021,100.662
6,4,62.26566666666667,2021,100.662
6,5,64.59033333333333,2021,100.662
6,6,75.24766666666666,2021,100.662
6,7,82.97800000000001,2021,100.662
6,8,85.20666666666668,2021,100.662
6,9,79.63033333333333,2021,100.662
6,10,73.83733333333335,2021,100.662
6,11,72.70833333333334,2021,100.662
6,12,71.965,2021,100.662
6,13,66.192,2021,100.662
6,14,64.30233333333334,2021,100.662
6,15,66.84666666666666,2021,100.662
6,16,70.43066666666667,2021,100.662
6,17,74.32133333333333,2021,100.662
6,18,84.19900000000001,2021,100.662
6,19,93.70899999999999,2021,100.662
6,20,95.11533333333331,2021,100.662
6,21,90.14933333333332,2021,100.662
6,22,85.19366666666666,2021,100.662
6,23,77.49600000000001,2021,100.662
7,0,79.68548387096776,2021,100.662
7,1,73.96096774193548,2021,100.662
7,2,70.8009677419355,2021,100.662
7,3,68.94645161290323,2021,100.662
7,4,68.58290322580646,2021,100.662
7,5,71.81548387096774,2021,100.662
7,6,84.0783870967742,2021,100.662
7,7,92.34387096774194,2021,100.662
7,8,94.53580645161291,2021,100.662
7,9,89.59677419354838,2021,100.662
7,10,85.1058064516129,2021,100.662
7,11,85.82903225806452,2021,100.662
7,12,85.57193548387097,2021,100.662
7,13,83.01,2021,100.662
7,14,78.93483870967741,2021,100.662
7,15,80.96096774193549,2021,100.662
7,16,82.4025806451613,2021,100.662
7,17,84.53064516129031,2021,100.662
7,18,93.06612903225805,2021,100.662
7,19,101.9916129032258,2021,100.662
7,20,103.10387096774194,2021,100.662
7,21,99.73870967741935,2021,100.662
7,22,95.93129032258062,2021,100.662
7,23,87.22967741935481,2021,100.662
8,0,75.75903225806451,2021,100.662
8,1,71.37290322580645,2021,100.662
8,2,68.70677419354838,2021,100.662
8,3,66.22419354838709,2021,100.662
8,4,67.18129032258065,2021,100.662
8,5,71.32000000000001,2021,100.662
8,6,84.88483870967742,2021,100.662
8,7,96.2825806451613,2021,100.662
8,8,99.49419354838712,2021,100.662
8,9,93.52,2021,100.662
8,10,88.2141935483871,2021,100.662
8,11,85.38612903225807,2021,100.662
8,12,83.12741935483874,2021,100.662
8,13,78.51225806451613,2021,100.662
8,14,74.45774193548385,2021,100.662
8,15,75.5758064516129,2021,100.662
8,16,77.53516129032259,2021,100.662
8,17,87.38387096774193,2021,100.662
8,18,97.89806451612903,2021,100.662
8,19,106.96096774193546,2021,100.662
8,20,108.37225806451615,2021,100.662
8,21,101.42258064516129,2021,100.662
8,22,94.08967741935484,2021,100.662
8,23,83.41483870967744,2021,100.662
9,0,110.40466666666667,2021,100.662
9,1,104.68033333333332,2021,100.662
9,2,100.22499999999998,2021,100.662
9,3,98.03066666666669,2021,100.662
9,4,99.37333333333335,2021,100.662
9,5,107.66199999999998,2021,100.662
9,6,137.465,2021,100.662
9,7,153.90800000000002,2021,100.662
9,8,158.39,2021,100.662
9,9,147.05466666666663,2021,100.662
9,10,136.75466666666668,2021,100.662
9,11,127.95666666666668,2021,100.662
9,12,119.24466666666666,2021,100.662
9,13,112.05600000000001,2021,100.662
9,14,109.92433333333332,2021,100.662
9,15,116.85800000000002,2021,100.662
9,16,124.70933333333332,2021,100.662
9,17,144.672,2021,100.662
9,18,164.1583333333333,2021,100.662
9,19,179.50900000000001,2021,100.662
9,20,169.46399999999997,2021,100.662
9,21,146.641,2021,100.662
9,22,131.60933333333335,2021,100.662
9,23,113.17100000000003,2021,100.662
10,0,101.2874193548387,2021,100.662
10,1,99.96677419354839,2021,100.662
10,2,93.2903125,2021,100.662
10,3,89.02774193548387,2021,100.662
10,4,93.2341935483871,2021,100.662
10,5,105.18161290322581,2021,100.662
10,6,143.93548387096772,2021,100.662
10,7,179.10064516129034,2021,100.662
10,8,193.62129032258065,2021,100.662
10,9,176.95741935483872,2021,100.662
10,10,157.1970967741935,2021,100.662
10,11,143.30064516129033,2021,100.662
10,12,129.84387096774194,2021,100.662
10,13,122.37193548387097,2021,100.662
10,14,120.00967741935484,2021,100.662
10,15,130.7335483870968,2021,100.662
10,16,149.58129032258063,2021,100.662
10,17,180.38225806451618,2021,100.662
10,18,203.45225806451612,2021,100.662
10,19,211.55935483870968,2021,100.662
10,20,176.43935483870968,2021,100.662
10,21,147.0525806451613,2021,100.662
10,22,127.06032258064516,2021,100.662
10,23,100.68612903225807,2021,100.662
11,0,127.62066666666666,2021,100.662
11,1,125.79,2021,100.662
11,2,123.66566666666664,2021,100.662
11,3,121.2996666666667,2021,100.662
11,4,126.01566666666666,2021,100.662
11,5,133.54733333333334,2021,100.662
11,6,165.41266666666664,2021,100.662
11,7,203.09000000000003,2021,100.662
11,8,214.818,2021,100.662
11,9,210.14166666666668,2021,100.662
11,10,204.54466666666667,2021,100.662
11,11,201.13933333333335,2021,100.662
11,12,198.4453333333333,2021,100.662
11,13,196.36166666666665,2021,100.662
11,14,201.58033333333333,2021,100.662
11,15,214.552,2021,100.662
11,16,223.25833333333333,2021,100.662
11,17,246.91266666666667,2021,100.662
11,18,238.825,2021,100.662
11,19,215.38533333333334,2021,100.662
11,20,190.60033333333337,2021,100.662
11,21,161.91966666666667,2021,100.662
11,22,150.50866666666667,2021,100.662
11,23,129.65466666666669,2021,100.662
12,0,164.58225806451614,2021,100.662
12,1,151.00032258064516,2021,100.662
12,2,139.98193548387098,2021,100.662
12,3,130.7983870967742,2021,100.662
12,4,143.77774193548387,2021,100.662
12,5,165.31354838709674,2021,100.662
12,6,202.84612903225803,2021,100.662
12,7,250.6622580645161,2021,100.662
12,8,270.81967741935483,2021,100.662
12,9,277.703870967742,2021,100.662
12,10,272.8964516129033,2021,100.662
12,11,275.8164516129032,2021,100.662
12,12,266.2938709677419,2021,100.662
12,13,262.6258064516129,2021,100.662
12,14,268.4296774193549,2021,100.662
12,15,278.81774193548387,2021,100.662
12,16,291.8916129032258,2021,100.662
12,17,307.3035483870967,2021,100.662
12,18,293.0745161290323,2021,100.662
12,19,271.22129032258067,2021,100.662
12,20,245.2864516129032,2021,100.662
12,21,210.46516129032258,2021,100.662
12,22,194.81193548387097,2021,100.662
12,23,152.18387096774194,2021,100.662
1,0,138.11903225806452,2022,247.434
1,1,135.32032258064518,2022,247.434
1,2,133.80709677419355,2022,247.434
1,3,128.83290322580646,2022,247.434
1,4,130.07903225806453,2022,247.434
1,5,143.27419354838713,2022,247.434
1,6,168.59354838709677,2022,247.434
1,7,196.72161290322586,2022,247.434
1,8,210.7222580645161,2022,247.434
1,9,212.97096774193554,2022,247.434
1,10,201.82870967741934,2022,247.434
1,11,198.16838709677415,2022,247.434
1,12,190.46806451612903,2022,247.434
1,13,183.91096774193548,2022,247.434
1,14,186.7248387096774,2022,247.434
1,15,201.9790322580645,2022,247.434
1,16,210.14999999999998,2022,247.434
1,17,229.9567741935484,2022,247.434
1,18,225.771935483871,2022,247.434
1,19,212.04161290322577,2022,247.434
1,20,194.83354838709678,2022,247.434
1,21,171.83064516129033,2022,247.434
1,22,162.4767741935484,2022,247.434
1,23,141.21451612903226,2022,247.434
2,0,126.00428571428573,2022,247.434
2,1,123.51249999999997,2022,247.434
2,2,121.71464285714288,2022,247.434
2,3,119.72928571428572,2022,247.434
2,4,123.32428571428572,2022,247.434
2,5,137.34964285714287,2022,247.434
2,6,167.26678571428573,2022,247.434
2,7,186.5425,2022,247.434
2,8,188.5010714285714,2022,247.434
2,9,173.04250000000002,2022,247.434
2,10,159.39714285714285,2022,247.434
2,11,153.43928571428572,2022,247.434
2,12,143.66035714285718,2022,247.434
2,13,142.03392857142856,2022,247.434
2,14,143.70607142857142,2022,247.434
2,15,160.29892857142858,2022,247.434
2,16,175.43321428571426,2022,247.434
2,17,193.43785714285713,2022,247.434
2,18,199.52678571428575,2022,247.434
2,19,189.20749999999998,2022,247.434
2,20,175.6782142857143,2022,247.434
2,21,151.25571428571428,2022,247.434
2,22,141.8675,2022,247.434
2,23,123.56607142857142,2022,247.434
3,0,244.3264516129032,2022,247.434
3,1,238.10999999999999,2022,247.434
3,2,233.0773333333333,2022,247.434
3,3,226.05645161290326,2022,247.434
3,4,230.99774193548387,2022,247.434
3,5,248.6790322580645,2022,247.434
3,6,298.1154838709678,2022,247.434
3,7,319.6348387096775,2022,247.434
3,8,307.8741935483871,2022,247.434
3,9,263.45322580645154,2022,247.434
3,10,228.88870967741934,2022,247.434
3,11,220.2670967741935,2022,247.434
3,12,204.93354838709672,2022,247.434
3,13,201.0451612903226,2022,247.434
3,14,202.17064516129034,2022,247.434
3,15,224.41903225806448,2022,247.434
3,16,259.13838709677424,2022,247.434
3,17,306.538064516129,2022,247.434
3,18,338.74032258064517,2022,247.434
3,19,348.4758064516129,2022,247.434
3,20,317.0029032258064,2022,247.434
3,21,282.9277419354839,2022,247.434
3,22,261.7725806451613,2022,247.434
3,23,235.96838709677417,2022,247.434
4,0,156.70999999999998,2022,247.434
4,1,147.12033333333335,2022,247.434
4,2,143.71366666666668,2022,247.434
4,3,140.63833333333335,2022,247.434
4,4,143.435,2022,247.434
4,5,152.98666666666668,2022,247.434
4,6,183.78099999999998,2022,247.434
4,7,206.30900000000003,2022,247.434
4,8,210.59133333333338,2022,247.434
4,9,188.8656666666667,2022,247.434
4,10,170.51066666666665,2022,247.434
4,11,164.10600000000002,2022,247.434
4,12,157.70200000000003,2022,247.434
4,13,146.95166666666668,2022,247.434
4,14,140.51533333333333,2022,247.434
4,15,144.85399999999998,2022,247.434
4,16,150.51533333333333,2022,247.434
4,17,169.99733333333336,2022,247.434
4,18,207.1076666666667,2022,247.434
4,19,236.03900000000002,2022,247.434
4,20,234.31833333333333,2022,247.434
4,21,210.01699999999997,2022,247.434
4,22,197.88800000000003,2022,247.434
4,23,173.3683333333333,2022,247.434
5,0,186.15451612903223,2022,247.434
5,1,174.46935483870968,2022,247.434
5,2,168.19064516129032,2022,247.434
5,3,163.9945161290323,2022,247.434
5,4,166.14096774193544,2022,247.434
5,5,177.12032258064514,2022,247.434
5,6,204.33225806451614,2022,247.434
5,7,220.20741935483872,2022,247.434
5,8,215.5432258064516,2022,247.434
5,9,195.65999999999997,2022,247.434
5,10,176.24354838709678,2022,247.434
5,11,168.7438709677419,2022,247.434
5,12,166.21870967741933,2022,247.434
5,13,155.09935483870967,2022,247.434
5,14,149.43967741935484,2022,247.434
5,15,153.66193548387096,2022,247.434
5,16,164.28806451612903,2022,247.434
5,17,185.9912903225807,2022,247.434
5,18,210.46193548387095,2022,247.434
5,19,237.46677419354842,2022,247.434
5,20,242.6993548387097,2022,247.434
5,21,232.6677419354839,2022,247.434
5,22,221.45451612903227,2022,247.434
5,23,199.53548387096774,2022,247.434
6,0,221.0696666666667,2022,247.434
6,1,202.222,2022,247.434
6,2,192.2723333333333,2022,247.434
6,3,188.22066666666663,2022,247.434
6,4,185.683,2022,247.434
6,5,193.07366666666667,2022,247.434
6,6,232.166,2022,247.434
6,7,253.32533333333336,2022,247.434
6,8,257.52733333333333,2022,247.434
6,9,230.93366666666665,2022,247.434
6,10,208.63433333333333,2022,247.434
6,11,198.0026666666667,2022,247.434
6,12,190.50266666666667,2022,247.434
6,13,181.581,2022,247.434
6,14,173.16966666666664,2022,247.434
6,15,185.38899999999998,2022,247.434
6,16,202.0066666666667,2022,247.434
6,17,231.888,2022,247.434
6,18,265.806,2022,247.434
6,19,299.87600000000003,2022,247.434
6,20,303.52566666666667,2022,247.434
6,21,287.13699999999994,2022,247.434
6,22,273.6273333333334,2022,247.434
6,23,236.24999999999997,2022,247.434
7,0,338.491935483871,2022,247.434
7,1,303.1570967741936,2022,247.434
7,2,279.13129032258064,2022,247.434
7,3,273.5,2022,247.434
7,4,271.401935483871,2022,247.434
7,5,276.50741935483876,2022,247.434
7,6,337.313870967742,2022,247.434
7,7,363.0929032258064,2022,247.434
7,8,353.4809677419355,2022,247.434
7,9,310.9325806451613,2022,247.434
7,10,285.43645161290317,2022,247.434
7,11,272.82,2022,247.434
7,12,258.4151612903226,2022,247.434
7,13,242.14064516129028,2022,247.434
7,14,227.42000000000002,2022,247.434
7,15,238.8674193548387,2022,247.434
7,16,266.4432258064516,2022,247.434
7,17,314.80741935483866,2022,247.434
7,18,371.626129032258,2022,247.434
7,19,426.46677419354836,2022,247.434
7,20,441.6735483870968,2022,247.434
7,21,429.9487096774194,2022,247.434
7,22,417.3603225806452,2022,247.434
7,23,366.3180645161289,2022,247.434
8,0,459.09161290322584,2022,247.434
8,1,427.1193548387096,2022,247.434
8,2,418.8638709677419,2022,247.434
8,3,403.9054838709677,2022,247.434
8,4,404.88903225806445,2022,247.434
8,5,426.43290322580646,2022,247.434
8,6,486.0554838709678,2022,247.434
8,7,517.888064516129,2022,247.434
8,8,526.0851612903226,2022,247.434
8,9,490.08161290322585,2022,247.434
8,10,464.07677419354843,2022,247.434
8,11,442.28354838709686,2022,247.434
8,12,429.93838709677414,2022,247.434
8,13,411.99903225806446,2022,247.434
8,14,403.42516129032265,2022,247.434
8,15,427.0893548387097,2022,247.434
8,16,447.0577419354839,2022,247.434
8,17,498.7945161290322,2022,247.434
8,18,556.3787096774194,2022,247.434
8,19,604.8725806451614,2022,247.434
8,20,604.6812903225807,2022,247.434
8,21,566.3432258064516,2022,247.434
8,22,530.3564516129034,2022,247.434
8,23,485.3803225806452,2022,247.434
9,0,313.55800000000005,2022,247.434
9,1,287.32733333333334,2022,247.434
9,2,280.64166666666665,2022,247.434
9,3,271.11899999999997,2022,247.434
9,4,276.87499999999994,2022,247.434
9,5,315.005,2022,247.434
9,6,390.53666666666663,2022,247.434
9,7,441.63833333333326,2022,247.434
9,8,453.6796666666666,2022,247.434
9,9,413.01866666666666,2022,247.434
9,10,376.81133333333327,2022,247.434
9,11,351.87066666666664,2022,247.434
9,12,325.99266666666665,2022,247.434
9,13,302.0063333333334,2022,247.434
9,14,302.06166666666667,2022,247.434
9,15,326.9006666666666,2022,247.434
9,16,359.747,2022,247.434
9,17,415.33600000000007,2022,247.434
9,18,465.90599999999995,2022,247.434
9,19,519.8153333333333,2022,247.434
9,20,473.7503333333334,2022,247.434
9,21,413.29533333333336,2022,247.434
9,22,372.30500000000006,2022,247.434
9,23,322.2783333333333,2022,247.434
10,0,133.9148387096774,2022,247.434
10,1,125.45870967741935,2022,247.434
10,2,119.0778125,2022,247.434
10,3,114.98516129032257,2022,247.434
10,4,120.9932258064516,2022,247.434
10,5,135.67483870967743,2022,247.434
10,6,179.82677419354846,2022,247.434
10,7,211.36612903225807,2022,247.434
10,8,228.1367741935484,2022,247.434
10,9,192.78225806451613,2022,247.434
10,10,165.82741935483875,2022,247.434
10,11,148.48838709677418,2022,247.434
10,12,140.27967741935484,2022,247.434
10,13,132.39645161290323,2022,247.434
10,14,134.05225806451614,2022,247.434
10,15,152.10999999999996,2022,247.434
10,16,173.27419354838713,2022,247.434
10,17,208.09000000000006,2022,247.434
10,18,247.70870967741936,2022,247.434
10,19,271.8032258064516,2022,247.434
10,20,218.97774193548392,2022,247.434
10,21,182.09161290322575,2022,247.434
10,22,158.65935483870967,2022,247.434
10,23,138.0132258064516,2022,247.434
11,0,139.35433333333333,2022,247.434
11,1,127.84633333333333,2022,247.434
11,2,121.23499999999999,2022,247.434
11,3,117.25433333333335,2022,247.434
11,4,124.44133333333336,2022,247.434
11,5,143.79033333333334,2022,247.434
11,6,186.78999999999996,2022,247.434
11,7,218.5813333333334,2022,247.434
11,8,229.50100000000003,2022,247.434
11,9,225.2713333333333,2022,247.434
11,10,217.813,2022,247.434
11,11,217.948,2022,247.434
11,12,212.71766666666664,2022,247.434
11,13,212.83866666666668,2022,247.434
11,14,225.2466666666666,2022,247.434
11,15,238.21166666666664,2022,247.434
11,16,252.2373333333333,2022,247.434
11,17,269.89366666666666,2022,247.434
11,18,260.5683333333333,2022,247.434
11,19,247.50166666666667,2022,247.434
11,20,216.0856666666667,2022,247.434
11,21,190.75233333333333,2022,247.434
11,22,177.99033333333335,2022,247.434
11,23,149.4223333333333,2022,247.434
12,0,182.3693548387097,2022,247.434
12,1,170.9438709677419,2022,247.434
12,2,164.2935483870968,2022,247.434
12,3,156.9890322580645,2022,247.434
12,4,161.92774193548385,2022,247.434
12,5,185.64548387096778,2022,247.434
12,6,219.38161290322577,2022,247.434
12,7,271.4974193548387,2022,247.434
12,8,286.39354838709676,2022,247.434
12,9,293.45645161290327,2022,247.434
12,10,300.1370967741935,2022,247.434
12,11,298.41096774193545,2022,247.434
12,12,289.9267741935484,2022,247.434
12,13,285.70580645161294,2022,247.434
12,14,296.74935483870973,2022,247.434
12,15,294.5461290322581,2022,247.434
12,16,307.4783870967742,2022,247.434
12,17,324.85032258064524,2022,247.434
12,18,316.3664516129031,2022,247.434
12,19,299.4529032258065,2022,247.434
12,20,276.9841935483871,2022,247.434
12,21,239.98483870967743,2022,247.434
12,22,214.27516129032261,2022,247.434
12,23,181.67290322580644,2022,247.434
1,0,102.17548387096772,2023,100.785
1,1,97.79967741935482,2023,100.785
1,2,92.81290322580645,2023,100.785
1,3,82.56806451612904,2023,100.785
1,4,89.71774193548387,2023,100.785
1,5,99.62258064516128,2023,100.785
1,6,126.19193548387096,2023,100.785
1,7,145.66,2023,100.785
1,8,161.018064516129,2023,100.785
1,9,162.2554838709677,2023,100.785
1,10,154.123870967742,2023,100.785
1,11,150.15064516129033,2023,100.785
1,12,146.83709677419355,2023,100.785
1,13,142.47806451612905,2023,100.785
1,14,148.70935483870966,2023,100.785
1,15,150.64161290322585,2023,100.785
1,16,156.05032258064517,2023,100.785
1,17,166.51903225806453,2023,100.785
1,18,169.61161290322585,2023,100.785
1,19,162.64354838709676,2023,100.785
1,20,149.34774193548387,2023,100.785
1,21,134.47064516129032,2023,100.785
1,22,129.7270967741935,2023,100.785
1,23,111.08709677419355,2023,100.785
2,0,118.00035714285714,2023,100.785
2,1,115.48857142857143,2023,100.785
2,2,112.33964285714286,2023,100.785
2,3,111.1425,2023,100.785
2,4,115.9225,2023,100.785
2,5,125.31357142857142,2023,100.785
2,6,143.4635714285714,2023,100.785
2,7,159.6010714285714,2023,100.785
2,8,166.93785714285715,2023,100.785
2,9,154.78892857142858,2023,100.785
2,10,143.0685714285714,2023,100.785
2,11,135.42428571428573,2023,100.785
2,12,129.88821428571427,2023,100.785
2,13,126.64928571428572,2023,100.785
2,14,127.57642857142856,2023,100.785
2,15,141.0060714285714,2023,100.785
2,16,149.8725,2023,100.785
2,17,161.64107142857142,2023,100.785
2,18,175.63214285714284,2023,100.785
2,19,168.70250000000001,2023,100.785
2,20,155.4117857142857,2023,100.785
2,21,141.62285714285716,2023,100.785
2,22,135.7667857142857,2023,100.785
2,23,125.5992857142857,2023,100.785
3,0,98.03548387096774,2023,100.785
3,1,92.54193548387096,2023,100.785
3,2,90.60166666666666,2023,100.785
3,3,88.4606451612903,2023,100.785
3,4,91.21903225806449,2023,100.785
3,5,101.10741935483871,2023,100.785
3,6,121.29999999999998,2023,100.785
3,7,136.39903225806452,2023,100.785
3,8,132.35354838709677,2023,100.785
3,9,118.32741935483871,2023,100.785
3,10,105.71645161290323,2023,100.785
3,11,100.8283870967742,2023,100.785
3,12,95.73677419354841,2023,100.785
3,13,92.68096774193549,2023,100.785
3,14,93.98870967741935,2023,100.785
3,15,99.77612903225807,2023,100.785
3,16,110.40774193548388,2023,100.785
3,17,128.02967741935487,2023,100.785
3,18,144.041935483871,2023,100.785
3,19,149.6716129032258,2023,100.785
3,20,135.7641935483871,2023,100.785
3,21,119.77161290322583,2023,100.785
3,22,111.96967741935485,2023,100.785
3,23,100.61903225806454,2023,100.785
4,0,104.44500000000001,2023,100.785
4,1,94.79466666666666,2023,100.785
4,2,93.73666666666666,2023,100.785
4,3,90.62166666666666,2023,100.785
4,4,92.11833333333334,2023,100.785
4,5,99.32566666666666,2023,100.785
4,6,116.33699999999999,2023,100.785
4,7,131.12199999999999,2023,100.785
4,8,129.43566666666663,2023,100.785
4,9,113.84833333333334,2023,100.785
4,10,98.503,2023,100.785
4,11,88.50400000000003,2023,100.785
4,12,82.43466666666667,2023,100.785
4,13,77.98666666666666,2023,100.785
4,14,74.966,2023,100.785
4,15,78.6,2023,100.785
4,16,87.77933333333333,2023,100.785
4,17,98.08,2023,100.785
4,18,122.82566666666668,2023,100.785
4,19,142.25366666666667,2023,100.785
4,20,145.18066666666664,2023,100.785
4,21,133.976,2023,100.785
4,22,125.90766666666667,2023,100.785
4,23,113.37633333333333,2023,100.785
5,0,91.7009677419355,2023,100.785
5,1,84.35000000000001,2023,100.785
5,2,81.77612903225808,2023,100.785
5,3,80.0958064516129,2023,100.785
5,4,81.5977419354839,2023,100.785
5,5,88.30354838709678,2023,100.785
5,6,100.01290322580644,2023,100.785
5,7,106.39129032258064,2023,100.785
5,8,100.48451612903226,2023,100.785
5,9,84.2916129032258,2023,100.785
5,10,68.92677419354838,2023,100.785
5,11,59.45258064516129,2023,100.785
5,12,54.32677419354839,2023,100.785
5,13,47.045161290322575,2023,100.785
5,14,48.51999999999999,2023,100.785
5,15,55.28193548387097,2023,100.785
5,16,67.24580645161289,2023,100.785
5,17,81.71709677419355,2023,100.785
5,18,102.53483870967742,2023,100.785
5,19,118.14935483870968,2023,100.785
5,20,126.52516129032257,2023,100.785
5,21,116.33645161290322,2023,100.785
5,22,105.88774193548387,2023,100.785
5,23,96.1777419354839,2023,100.785
6,0,102.91566666666668,2023,100.785
6,1,95.49833333333335,2023,100.785
6,2,91.06400000000001,2023,100.785
6,3,89.16000000000001,2023,100.785
6,4,89.08733333333335,2023,100.785
6,5,94.27933333333333,2023,100.785
6,6,109.57733333333333,2023,100.785
6,7,117.34233333333334,2023,100.785
6,8,110.00800000000001,2023,100.785
6,9,93.90599999999999,2023,100.785
6,10,78.56500000000001,2023,100.785
6,11,69.94533333333332,2023,100.785
6,12,64.67766666666667,2023,100.785
6,13,58.477333333333334,2023,100.785
6,14,57.72699999999999,2023,100.785
6,15,65.70633333333335,2023,100.785
6,16,73.26466666666667,2023,100.785
6,17,89.70366666666668,2023,100.785
6,18,109.22666666666667,2023,100.785
6,19,130.53533333333337,2023,100.785
6,20,141.86599999999999,2023,100.785
6,21,133.5196666666667,2023,100.785
6,22,121.08166666666666,2023,100.785
6,23,107.88999999999997,2023,100.785
7,0,94.54709677419356,2023,100.785
7,1,84.66870967741937,2023,100.785
7,2,77.59161290322582,2023,100.785
7,3,72.82387096774194,2023,100.785
7,4,72.25451612903225,2023,100.785
7,5,77.76129032258066,2023,100.785
7,6,89.59096774193549,2023,100.785
7,7,96.63612903225805,2023,100.785
7,8,93.0383870967742,2023,100.785
7,9,80.49064516129032,2023,100.785
7,10,73.60645161290323,2023,100.785
7,11,69.54548387096776,2023,100.785
7,12,68.53612903225807,2023,100.785
7,13,62.912903225806446,2023,100.785
7,14,64.5641935483871,2023,100.785
7,15,63.98741935483871,2023,100.785
7,16,70.13999999999999,2023,100.785
7,17,81.82225806451612,2023,100.785
7,18,100.11032258064515,2023,100.785
7,19,119.68645161290323,2023,100.785
7,20,127.89548387096775,2023,100.785
7,21,125.34096774193549,2023,100.785
7,22,118.11225806451611,2023,100.785
7,23,103.89161290322582,2023,100.785
8,0,93.73516129032257,2023,100.785
8,1,86.57032258064515,2023,100.785
8,2,82.81290322580645,2023,100.785
8,3,80.54967741935484,2023,100.785
8,4,82.07838709677421,2023,100.785
8,5,86.52935483870966,2023,100.785
8,6,102.74709677419352,2023,100.785
8,7,109.94322580645161,2023,100.785
8,8,105.16806451612904,2023,100.785
8,9,92.09483870967743,2023,100.785
8,10,78.54516129032257,2023,100.785
8,11,70.58,2023,100.785
8,12,65.18548387096774,2023,100.785
8,13,59.25741935483871,2023,100.785
8,14,57.62677419354839,2023,100.785
8,15,67.44774193548388,2023,100.785
8,16,78.39645161290322,2023,100.785
8,17,95.93741935483872,2023,100.785
8,18,114.26903225806451,2023,100.785
8,19,135.92387096774192,2023,100.785
8,20,138.0106451612903,2023,100.785
8,21,126.62967741935482,2023,100.785
8,22,111.55645161290322,2023,100.785
8,23,96.54387096774192,2023,100.785
9,0,91.96700000000003,2023,100.785
9,1,87.78766666666667,2023,100.785
9,2,84.61033333333333,2023,100.785
9,3,83.29099999999998,2023,100.785
9,4,84.78466666666667,2023,100.785
9,5,92.94433333333333,2023,100.785
9,6,115.452,2023,100.785
9,7,134.88166666666663,2023,100.785
9,8,121.93266666666668,2023,100.785
9,9,102.635,2023,100.785
9,10,83.53200000000001,2023,100.785
9,11,73.75733333333332,2023,100.785
9,12,65.53233333333333,2023,100.785
9,13,57.43066666666667,2023,100.785
9,14,59.52733333333333,2023,100.785
9,15,74.08833333333332,2023,100.785
9,16,86.68800000000003,2023,100.785
9,17,113.07566666666669,2023,100.785
9,18,148.76299999999998,2023,100.785
9,19,195.6103333333334,2023,100.785
9,20,159.36500000000007,2023,100.785
9,21,123.04933333333334,2023,100.785
9,22,107.21933333333335,2023,100.785
9,23,96.37400000000001,2023,100.785
10,0,77.00935483870968,2023,100.785
10,1,70.00451612903225,2023,100.785
10,2,63.6675,2023,100.785
10,3,63.33419354838709,2023,100.785
10,4,64.39903225806451,2023,100.785
10,5,74.49032258064517,2023,100.785
10,6,99.15354838709676,2023,100.785
10,7,117.83225806451614,2023,100.785
10,8,118.31548387096774,2023,100.785
10,9,105.9416129032258,2023,100.785
10,10,90.85193548387095,2023,100.785
10,11,80.42032258064516,2023,100.785
10,12,73.0151612903226,2023,100.785
10,13,67.99354838709677,2023,100.785
10,14,71.93838709677418,2023,100.785
10,15,85.48354838709675,2023,100.785
10,16,104.71935483870969,2023,100.785
10,17,125.88000000000002,2023,100.785
10,18,146.68064516129033,2023,100.785
10,19,152.85,2023,100.785
10,20,124.38709677419357,2023,100.785
10,21,105.42193548387095,2023,100.785
10,22,98.55161290322582,2023,100.785
10,23,82.37258064516129,2023,100.785
11,0,67.09466666666667,2023,100.785
11,1,62.48733333333333,2023,100.785
11,2,59.184666666666665,2023,100.785
11,3,56.58733333333332,2023,100.785
11,4,59.17666666666667,2023,100.785
11,5,66.8,2023,100.785
11,6,89.34700000000002,2023,100.785
11,7,104.917,2023,100.785
11,8,110.64533333333334,2023,100.785
11,9,104.06766666666665,2023,100.785
11,10,96.82733333333333,2023,100.785
11,11,94.11800000000001,2023,100.785
11,12,91.54499999999999,2023,100.785
11,13,93.62066666666666,2023,100.785
11,14,101.57633333333334,2023,100.785
11,15,112.54666666666667,2023,100.785
11,16,121.164,2023,100.785
11,17,132.13733333333334,2023,100.785
11,18,129.58433333333332,2023,100.785
11,19,118.36766666666668,2023,100.785
11,20,103.92166666666665,2023,100.785
11,21,91.35699999999999,2023,100.785
11,22,86.95033333333335,2023,100.785
11,23,72.934,2023,100.785
12,0,53.85322580645161,2023,100.785
12,1,50.50516129032258,2023,100.785
12,2,49.20935483870968,2023,100.785
12,3,45.354838709677416,2023,100.785
12,4,45.994516129032256,2023,100.785
12,5,52.49064516129031,2023,100.785
12,6,65.69032258064516,2023,100.785
12,7,78.43387096774191,2023,100.785
12,8,89.14483870967743,2023,100.785
12,9,89.54064516129031,2023,100.785
12,10,84.60000000000001,2023,100.785
12,11,81.39290322580645,2023,100.785
12,12,79.45774193548387,2023,100.785
12,13,78.46516129032258,2023,100.785
12,14,82.03258064516129,2023,100.785
12,15,86.74838709677418,2023,100.785
12,16,92.57935483870968,2023,100.785
12,17,97.3658064516129,2023,100.785
12,18,95.41935483870968,2023,100.785
12,19,88.45645161290325,2023,100.785
12,20,80.26225806451613,2023,100.785
12,21,70.75967741935483,2023,100.785
12,22,65.1816129032258,2023,100.785
12,23,53.37483870967743,2023,100.785
1,0,67.30774193548388,2024,85.105
1,1,64.44,2024,85.105
1,2,62.99032258064516,2024,85.105
1,3,60.67548387096774,2024,85.105
1,4,61.48193548387097,2024,85.105
1,5,66.12193548387096,2024,85.105
1,6,79.89774193548385,2024,85.105
1,7,90.65612903225806,2024,85.105
1,8,97.22129032258063,2024,85.105
1,9,92.78967741935485,2024,85.105
1,10,86.87387096774192,2024,85.105
1,11,83.25903225806451,2024,85.105
1,12,79.22580645161287,2024,85.105
1,13,79.6777419354839,2024,85.105
1,14,85.20870967741935,2024,85.105
1,15,93.1658064516129,2024,85.105
1,16,99.65354838709676,2024,85.105
1,17,106.14806451612903,2024,85.105
1,18,104.12354838709676,2024,85.105
1,19,100.3167741935484,2024,85.105
1,20,92.33903225806449,2024,85.105
1,21,83.10290322580644,2024,85.105
1,22,79.71774193548386,2024,85.105
1,23,72.89354838709679,2024,85.105
2,0,57.48862068965516,2024,85.105
2,1,56.82586206896551,2024,85.105
2,2,54.09862068965517,2024,85.105
2,3,51.927241379310345,2024,85.105
2,4,52.80551724137931,2024,85.105
2,5,61.673793103448276,2024,85.105
2,6,74.64551724137932,2024,85.105
2,7,85.63758620689654,2024,85.105
2,8,84.32206896551725,2024,85.105
2,9,74.90448275862069,2024,85.105
2,10,67.10103448275862,2024,85.105
2,11,63.2351724137931,2024,85.105
2,12,58.94655172413793,2024,85.105
2,13,58.24793103448276,2024,85.105
2,14,62.73931034482758,2024,85.105
2,15,70.94620689655173,2024,85.105
2,16,79.06206896551724,2024,85.105
2,17,87.90758620689654,2024,85.105
2,18,91.228275862069,2024,85.105
2,19,87.07827586206896,2024,85.105
2,20,80.23379310344825,2024,85.105
2,21,71.11172413793102,2024,85.105
2,22,66.4455172413793,2024,85.105
2,23,60.614482758620696,2024,85.105
3,0,61.915161290322565,2024,85.105
3,1,57.98322580645161,2024,85.105
3,2,56.96799999999999,2024,85.105
3,3,56.182903225806456,2024,85.105
3,4,57.16387096774194,2024,85.105
3,5,61.479032258064514,2024,85.105
3,6,70.9425806451613,2024,85.105
3,7,75.95774193548385,2024,85.105
3,8,71.67516129032259,2024,85.105
3,9,59.94096774193549,2024,85.105
3,10,50.181935483870966,2024,85.105
3,11,45.59741935483871,2024,85.105
3,12,42.48387096774192,2024,85.105
3,13,42.43741935483871,2024,85.105
3,14,46.3141935483871,2024,85.105
3,15,55.05870967741936,2024,85.105
3,16,67.5009677419355,2024,85.105
3,17,85.65870967741935,2024,85.105
3,18,103.6258064516129,2024,85.105
3,19,101.62290322580645,2024,85.105
3,20,85.27967741935484,2024,85.105
3,21,75.00548387096772,2024,85.105
3,22,70.77548387096775,2024,85.105
3,23,64.15838709677419,2024,85.105
4,0,63.53266666666666,2024,85.105
4,1,57.46000000000001,2024,85.105
4,2,53.943999999999996,2024,85.105
4,3,53.72633333333333,2024,85.105
4,4,56.057,2024,85.105
4,5,62.28066666666667,2024,85.105
4,6,78.24600000000001,2024,85.105
4,7,92.33666666666664,2024,85.105
4,8,81.44233333333334,2024,85.105
4,9,63.785333333333334,2024,85.105
4,10,48.28666666666666,2024,85.105
4,11,38.41333333333333,2024,85.105
4,12,30.233666666666668,2024,85.105
4,13,22.708000000000002,2024,85.105
4,14,20.404333333333337,2024,85.105
4,15,29.85233333333333,2024,85.105
4,16,41.866666666666674,2024,85.105
4,17,61.499,2024,85.105
4,18,85.44266666666665,2024,85.105
4,19,113.89,2024,85.105
4,20,117.556,2024,85.105
4,21,92.52033333333334,2024,85.105
4,22,79.53599999999999,2024,85.105
4,23,69.98066666666666,2024,85.105
5,0,78.1741935483871,2024,85.105
5,1,72.46032258064515,2024,85.105
5,2,69.43483870967741,2024,85.105
5,3,68.73806451612903,2024,85.105
5,4,70.84903225806453,2024,85.105
5,5,77.09741935483869,2024,85.105
5,6,90.20032258064518,2024,85.105
5,7,94.92161290322579,2024,85.105
5,8,78.14580645161291,2024,85.105
5,9,56.447419354838715,2024,85.105
5,10,40.98548387096775,2024,85.105
5,11,30.695806451612903,2024,85.105
5,12,22.59774193548387,2024,85.105
5,13,17.973870967741938,2024,85.105
5,14,17.769354838709678,2024,85.105
5,15,28.793548387096774,2024,85.105
5,16,42.55387096774194,2024,85.105
5,17,69.04548387096774,2024,85.105
5,18,92.06258064516126,2024,85.105
5,19,116.16935483870967,2024,85.105
5,20,129.40645161290323,2024,85.105
5,21,111.13322580645159,2024,85.105
5,22,95.48709677419355,2024,85.105
5,23,83.98903225806451,2024,85.105
6,0,87.08133333333333,2024,85.105
6,1,78.97600000000001,2024,85.105
6,2,73.91666666666667,2024,85.105
6,3,71.69033333333333,2024,85.105
6,4,70.19,2024,85.105
6,5,74.90633333333332,2024,85.105
6,6,93.36233333333332,2024,85.105
6,7,99.67399999999999,2024,85.105
6,8,83.42933333333333,2024,85.105
6,9,63.141,2024,85.105
6,10,48.79333333333334,2024,85.105
6,11,40.72666666666667,2024,85.105
6,12,34.434666666666665,2024,85.105
6,13,28.04666666666667,2024,85.105
6,14,24.311333333333334,2024,85.105
6,15,33.03766666666667,2024,85.105
6,16,45.19066666666666,2024,85.105
6,17,66.785,2024,85.105
6,18,92.82066666666665,2024,85.105
6,19,126.00399999999999,2024,85.105
6,20,152.718,2024,85.105
6,21,134.06433333333334,2024,85.105
6,22,112.20666666666665,2024,85.105
6,23,93.02066666666666,2024,85.105
7,0,79.73322580645161,2024,85.105
7,1,68.4416129032258,2024,85.105
7,2,65.52677419354839,2024,85.105
7,3,64.55612903225807,2024,85.105
7,4,64.86645161290322,2024,85.105
7,5,69.39032258064516,2024,85.105
7,6,93.43064516129031,2024,85.105
7,7,95.18903225806451,2024,85.105
7,8,82.71419354838707,2024,85.105
7,9,63.08903225806452,2024,85.105
7,10,46.748709677419356,2024,85.105
7,11,37.61064516129033,2024,85.105
7,12,32.086451612903225,2024,85.105
7,13,27.793548387096774,2024,85.105
7,14,26.22548387096774,2024,85.105
7,15,33.00322580645161,2024,85.105
7,16,45.64870967741936,2024,85.105
7,17,61.400645161290335,2024,85.105
7,18,82.06806451612904,2024,85.105
7,19,105.63193548387098,2024,85.105
7,20,140.49870967741936,2024,85.105
7,21,113.4109677419355,2024,85.105
7,22,96.4441935483871,2024,85.105
7,23,82.04709677419353,2024,85.105
8,0,94.68322580645162,2024,85.105
8,1,88.64612903225809,2024,85.105
8,2,85.1061290322581,2024,85.105
8,3,84.03387096774196,2024,85.105
8,4,84.86064516129032,2024,85.105
8,5,94.14354838709679,2024,85.105
8,6,113.62387096774192,2024,85.105
8,7,116.64774193548386,2024,85.105
8,8,99.61774193548386,2024,85.105
8,9,76.51129032258066,2024,85.105
8,10,57.31548387096775,2024,85.105
8,11,45.084516129032245,2024,85.105
8,12,36.12806451612902,2024,85.105
8,13,29.302258064516128,2024,85.105
8,14,32.366129032258065,2024,85.105
8,15,47.216129032258074,2024,85.105
8,16,62.828387096774186,2024,85.105
8,17,83.83741935483872,2024,85.105
8,18,117.02000000000001,2024,85.105
8,19,164.60999999999999,2024,85.105
8,20,172.96645161290323,2024,85.105
8,21,133.89774193548388,2024,85.105
8,22,112.68225806451613,2024,85.105
8,23,98.09354838709679,2024,85.105
9,0,75.81400000000001,2024,85.105
9,1,71.05066666666669,2024,85.105
9,2,68.81400000000001,2024,85.105
9,3,68.14000000000001,2024,85.105
9,4,70.756,2024,85.105
9,5,78.42300000000002,2024,85.105
9,6,98.17133333333335,2024,85.105
9,7,117.3,2024,85.105
9,8,108.14533333333333,2024,85.105
9,9,86.16233333333334,2024,85.105
9,10,62.50033333333332,2024,85.105
9,11,47.37133333333333,2024,85.105
9,12,38.70733333333333,2024,85.105
9,13,35.21900000000001,2024,85.105
9,14,37.562333333333335,2024,85.105
9,15,48.187666666666665,2024,85.105
9,16,68.66366666666666,2024,85.105
9,17,97.39099999999998,2024,85.105
9,18,128.6996666666667,2024,85.105
9,19,163.25233333333333,2024,85.105
9,20,128.67800000000003,2024,85.105
9,21,99.91466666666666,2024,85.105
9,22,87.63633333333334,2024,85.105
9,23,78.224,2024,85.105
10,0,70.23774193548387,2024,85.105
10,1,64.46419354838709,2024,85.105
10,2,62.7425,2024,85.105
10,3,60.8716129032258,2024,85.105
10,4,61.71322580645161,2024,85.105
10,5,70.55387096774194,2024,85.105
10,6,95.53258064516129,2024,85.105
10,7,123.01451612903226,2024,85.105
10,8,119.88870967741936,2024,85.105
10,9,93.70967741935483,2024,85.105
10,10,77.11967741935484,2024,85.105
10,11,66.66838709677418,2024,85.105
10,12,58.44709677419355,2024,85.105
10,13,55.880967741935486,2024,85.105
10,14,61.67741935483871,2024,85.105
10,15,76.70387096774193,2024,85.105
10,16,100.8541935483871,2024,85.105
10,17,131.78677419354838,2024,85.105
10,18,160.83387096774194,2024,85.105
10,19,153.12903225806448,2024,85.105
10,20,111.43322580645162,2024,85.105
10,21,93.31483870967742,2024,85.105
10,22,86.97870967741933,2024,85.105
10,23,77.4790322580645,2024,85.105
11,0,113.44300000000001,2024,85.105
11,1,107.74600000000004,2024,85.105
11,2,102.77366666666668,2024,85.105
11,3,99.94533333333334,2024,85.105
11,4,102.89866666666668,2024,85.105
11,5,112.20866666666667,2024,85.105
11,6,137.834,2024,85.105
11,7,150.56666666666663,2024,85.105
11,8,147.642,2024,85.105
11,9,137.053,2024,85.105
11,10,125.982,2024,85.105
11,11,120.90666666666668,2024,85.105
11,12,118.9536666666667,2024,85.105
11,13,122.42133333333335,2024,85.105
11,14,131.10966666666667,2024,85.105
11,15,146.81033333333332,2024,85.105
11,16,176.248,2024,85.105
11,17,197.13433333333333,2024,85.105
11,18,186.79633333333334,2024,85.105
11,19,161.5666666666667,2024,85.105
11,20,139.59799999999998,2024,85.105
11,21,122.95933333333332,2024,85.105
11,22,122.74333333333333,2024,85.105
11,23,111.98633333333332,2024,85.105
12,0,96.98838709677419,2024,85.105
12,1,90.80612903225807,2024,85.105
12,2,85.46548387096774,2024,85.105
12,3,81.23645161290324,2024,85.105
12,4,83.47806451612902,2024,85.105
12,5,91.70967741935482,2024,85.105
12,6,117.94,2024,85.105
12,7,145.62032258064517,2024,85.105
12,8,159.3767741935484,2024,85.105
12,9,155.9396774193548,2024,85.105
12,10,146.94,2024,85.105
12,11,143.02290322580646,2024,85.105
12,12,140.81,2024,85.105
12,13,145.62387096774194,2024,85.105
12,14,153.56290322580645,2024,85.105
12,15,168.30741935483871,2024,85.105
12,16,183.12774193548384,2024,85.105
12,17,182.5674193548387,2024,85.105
12,18,168.60741935483867,2024,85.105
12,19,161.1193548387097,2024,85.105
12,20,138.04258064516128,2024,85.105
12,21,119.5177419354839,2024,85.105
12,22,114.56483870967742,2024,85.105
12,23,102.78129032258066,2024,85.105
1,0,99.98548387096773,2025,96.827
1,1,98.84258064516129,2025,96.827
1,2,95.27903225806453,2025,96.827
1,3,91.44709677419354,2025,96.827
1,4,94.25387096774193,2025,96.827
1,5,102.53,2025,96.827
1,6,123.86967741935483,2025,96.827
1,7,141.73612903225805,2025,96.827
1,8,161.5693548387097,2025,96.827
1,9,149.14451612903224,2025,96.827
1,10,135.10612903225805,2025,96.827
1,11,125.52483870967743,2025,96.827
1,12,122.69258064516129,2025,96.827
1,13,123.13709677419355,2025,96.827
1,14,129.0925806451613,2025,96.827
1,15,144.10548387096776,2025,96.827
1,16,153.65322580645162,2025,96.827
1,17,172.94483870967744,2025,96.827
1,18,167.31612903225803,2025,96.827
1,19,155.10096774193548,2025,96.827
1,20,140.9358064516129,2025,96.827
1,21,126.54709677419355,2025,96.827
1,22,121.00806451612904,2025,96.827
1,23,105.51741935483871,2025,96.827
2,0,113.5192857142857,2025,96.827
2,1,112.24428571428572,2025,96.827
2,2,111.71392857142858,2025,96.827
2,3,108.13357142857141,2025,96.827
2,4,109.37857142857142,2025,96.827
2,5,115.30464285714287,2025,96.827
2,6,135.93857142857146,2025,96.827
2,7,166.41321428571428,2025,96.827
2,8,172.12535714285715,2025,96.827
2,9,146.25535714285715,2025,96.827
2,10,131.92357142857142,2025,96.827
2,11,118.05785714285715,2025,96.827
2,12,111.59285714285714,2025,96.827
2,13,111.2225,2025,96.827
2,14,117.29678571428573,2025,96.827
2,15,129.95,2025,96.827
2,16,149.59642857142856,2025,96.827
2,17,166.95928571428567,2025,96.827
2,18,171.8735714285714,2025,96.827
2,19,163.25857142857143,2025,96.827
2,20,147.46857142857144,2025,96.827
2,21,129.8317857142857,2025,96.827
2,22,126.98678571428572,2025,96.827
2,23,116.21642857142858,2025,96.827
3,0,99.53,2025,96.827
3,1,93.55516129032259,2025,96.827
3,2,95.22200000000001,2025,96.827
3,3,91.41612903225807,2025,96.827
3,4,92.22516129032257,2025,96.827
3,5,100.96064516129033,2025,96.827
3,6,121.88645161290322,2025,96.827
3,7,129.7658064516129,2025,96.827
3,8,113.78225806451613,2025,96.827
3,9,89.44774193548388,2025,96.827
3,10,68.41774193548386,2025,96.827
3,11,50.947419354838715,2025,96.827
3,12,44.90096774193549,2025,96.827
3,13,40.86645161290322,2025,96.827
3,14,49.94903225806452,2025,96.827
3,15,76.01193548387097,2025,96.827
3,16,102.29129032258064,2025,96.827
3,17,134.26483870967743,2025,96.827
3,18,166.7296774193548,2025,96.827
3,19,163.68548387096772,2025,96.827
3,20,140.94064516129032,2025,96.827
3,21,118.81903225806451,2025,96.827
3,22,111.16258064516127,2025,96.827
3,23,100.67322580645164,2025,96.827
4,0,91.13966666666667,2025,96.827
4,1,85.48766666666666,2025,96.827
4,2,83.72699999999999,2025,96.827
4,3,83.89566666666668,2025,96.827
4,4,85.21499999999999,2025,96.827
4,5,93.57366666666668,2025,96.827
4,6,112.35600000000001,2025,96.827
4,7,123.96733333333333,2025,96.827
4,8,104.22300000000001,2025,96.827
4,9,73.33366666666667,2025,96.827
4,10,47.400666666666666,2025,96.827
4,11,33.27033333333333,2025,96.827
4,12,17.518000000000004,2025,96.827
4,13,6.567666666666667,2025,96.827
4,14,9.116333333333333,2025,96.827
4,15,23.978666666666665,2025,96.827
4,16,43.548333333333325,2025,96.827
4,17,73.41799999999998,2025,96.827
4,18,110.41666666666666,2025,96.827
4,19,142.5933333333333,2025,96.827
4,20,149.37833333333336,2025,96.827
4,21,119.25666666666666,2025,96.827
4,22,104.401,2025,96.827
4,23,93.91633333333334,2025,96.827
5,0,94.83580645161292,2025,96.827
5,1,88.00741935483872,2025,96.827
5,2,83.09,2025,96.827
5,3,81.79290322580644,2025,96.827
5,4,83.87967741935483,2025,96.827
5,5,90.36838709677421,2025,96.827
5,6,102.79903225806451,2025,96.827
5,7,102.3216129032258,2025,96.827
5,8,83.17129032258066,2025,96.827
5,9,54.594193548387096,2025,96.827
5,10,31.366451612903226,2025,96.827
5,11,18.442580645161293,2025,96.827
5,12,6.955806451612904,2025,96.827
5,13,-0.9787096774193538,2025,96.827
5,14,0.20709677419354885,2025,96.827
5,15,17.998387096774195,2025,96.827
5,16,34.91290322580646,2025,96.827
5,17,61.34483870967741,2025,96.827
5,18,96.02645161290322,2025,96.827
5,19,124.91516129032259,2025,96.827
5,20,157.89258064516133,2025,96.827
5,21,131.51741935483872,2025,96.827
5,22,111.94225806451611,2025,96.827
5,23,98.11903225806451,2025,96.827
6,0,97.82166666666666,2025,96.827
6,1,90.17933333333335,2025,96.827
6,2,84.89666666666666,2025,96.827
6,3,83.20700000000001,2025,96.827
6,4,81.89666666666668,2025,96.827
6,5,87.49300000000001,2025,96.827
6,6,99.70633333333332,2025,96.827
6,7,91.86800000000001,2025,96.827
6,8,75.72433333333333,2025,96.827
6,9,48.879666666666665,2025,96.827
6,10,23.931333333333335,2025,96.827
6,11,17.490333333333336,2025,96.827
6,12,11.653666666666664,2025,96.827
6,13,9.409666666666665,2025,96.827
6,14,10.956666666666665,2025,96.827
6,15,24.455333333333336,2025,96.827
6,16,42.295,2025,96.827
6,17,79.034,2025,96.827
6,18,105.095,2025,96.827
6,19,134.02599999999998,2025,96.827
6,20,168.2403333333333,2025,96.827
6,21,152.41466666666665,2025,96.827
6,22,124.54033333333334,2025,96.827
6,23,104.02966666666667,2025,96.827
7,0,103.21483870967742,2025,96.827
7,1,96.33709677419355,2025,96.827
7,2,91.8158064516129,2025,96.827
7,3,90.61225806451615,2025,96.827
7,4,91.71064516129032,2025,96.827
7,5,95.6306451612903,2025,96.827
7,6,105.22322580645161,2025,96.827
7,7,105.01064516129034,2025,96.827
7,8,98.42709677419354,2025,96.827
7,9,82.19677419354836,2025,96.827
7,10,68.19096774193548,2025,96.827
7,11,61.446774193548386,2025,96.827
7,12,50.427419354838705,2025,96.827
7,13,43.63096774193549,2025,96.827
7,14,43.01225806451613,2025,96.827
7,15,52.285806451612906,2025,96.827
7,16,70.74290322580644,2025,96.827
7,17,88.94032258064514,2025,96.827
7,18,102.9541935483871,2025,96.827
7,19,129.50000000000003,2025,96.827
7,20,145.45677419354837,2025,96.827
7,21,132.39387096774195,2025,96.827
7,22,114.99870967741933,2025,96.827
7,23,103.52645161290322,2025,96.827
8,0,91.8441935483871,2025,96.827
8,1,86.56870967741936,2025,96.827
8,2,83.32387096774197,2025,96.827
8,3,81.94903225806452,2025,96.827
8,4,84.40387096774194,2025,96.827
8,5,91.89870967741935,2025,96.827
8,6,101.17096774193548,2025,96.827
8,7,100.98516129032257,2025,96.827
8,8,87.0183870967742,2025,96.827
8,9,63.39419354838709,2025,96.827
8,10,41.310967741935485,2025,96.827
8,11,28.032258064516128,2025,96.827
8,12,17.46193548387097,2025,96.827
8,13,11.522258064516127,2025,96.827
8,14,14.026129032258062,2025,96.827
8,15,25.82774193548387,2025,96.827
8,16,44.56935483870968,2025,96.827
8,17,77.8222580645161,2025,96.827
8,18,104.67225806451613,2025,96.827
8,19,137.42032258064518,2025,96.827
8,20,150.70483870967738,2025,96.827
8,21,121.01967741935484,2025,96.827
8,22,105.77967741935484,2025,96.827
8,23,96.34451612903229,2025,96.827
9,0,79.60300000000001,2025,96.827
9,1,75.83533333333334,2025,96.827
9,2,72.69900000000001,2025,96.827
9,3,72.58833333333332,2025,96.827
9,4,75.03366666666668,2025,96.827
9,5,85.943,2025,96.827
9,6,116.33133333333332,2025,96.827
9,7,135.72466666666665,2025,96.827
9,8,118.21966666666665,2025,96.827
9,9,91.40233333333335,2025,96.827
9,10,65.52366666666667,2025,96.827
9,11,49.757666666666665,2025,96.827
9,12,41.88499999999999,2025,96.827
9,13,36.025666666666666,2025,96.827
9,14,39.903333333333336,2025,96.827
9,15,54.446999999999996,2025,96.827
9,16,76.88566666666667,2025,96.827
9,17,112.64233333333333,2025,96.827
9,18,151.04666666666665,2025,96.827
9,19,214.18400000000003,2025,96.827
9,20,153.77433333333332,2025,96.827
9,21,111.03633333333336,2025,96.827
9,22,98.21333333333334,2025,96.827
9,23,84.481,2025,96.827
10,0,76.13637096774194,2025,96.827
10,1,72.96790322580647,2025,96.827
10,2,69.281953125,2025,96.827
10,3,67.27862903225805,2025,96.827
10,4,67.99870967741936,2025,96.827
10,5,73.77637096774194,2025,96.827
10,6,96.92951612903225,2025,96.827
10,7,126.6675806451613,2025,96.827
10,8,127.24370967741933,2025,96.827
10,9,107.07032258064515,2025,96.827
10,10,89.82048387096775,2025,96.827
10,11,80.80298387096774,2025,96.827
10,12,73.64822580645162,2025,96.827
10,13,71.18806451612903,2025,96.827
10,14,76.69774193548388,2025,96.827
10,15,89.65427419354837,2025,96.827
10,16,102.8150806451613,2025,96.827
10,17,126.00629032258064,2025,96.827
10,18,153.60903225806453,2025,96.827
10,19,162.65080645161294,2025,96.827
10,20,121.47266129032258,2025,96.827
10,21,95.53104838709677,2025,96.827
10,22,89.17612903225807,2025,96.827
10,23,78.00459677419354,2025,96.827
11,0,85.09091666666667,2025,96.827
11,1,83.87658333333333,2025,96.827
11,2,81.69133333333333,2025,96.827
11,3,81.11558333333333,2025,96.827
11,4,82.56508333333335,2025,96.827
11,5,88.20416666666667,2025,96.827
11,6,106.86858333333333,2025,96.827
11,7,127.29050000000001,2025,96.827
11,8,129.69925,2025,96.827
11,9,119.54341666666667,2025,96.827
11,10,109.02316666666665,2025,96.827
11,11,105.24208333333333,2025,96.827
11,12,105.85324999999999,2025,96.827
11,13,109.94825,2025,96.827
11,14,122.419,2025,96.827
11,15,139.61025000000004,2025,96.827
11,16,154.67225,2025,96.827
11,17,156.83708333333334,2025,96.827
11,18,142.66858333333337,2025,96.827
11,19,131.14775,2025,96.827
11,20,118.92516666666667,2025,96.827
11,21,104.4625,2025,96.827
11,22,99.63383333333333,2025,96.827
11,23,89.63725,2025,96.827
12,0,88.69758064516131,2025,96.827
12,1,87.43677419354839,2025,96.827
12,2,83.96241935483872,2025,96.827
12,3,83.29427419354839,2025,96.827
12,4,84.41282258064516,2025,96.827
12,5,87.63233870967743,2025,96.827
12,6,99.95217741935485,2025,96.827
12,7,113.43604838709679,2025,96.827
12,8,120.11354838709677,2025,96.827
12,9,118.97120967741935,2025,96.827
12,10,112.29459677419355,2025,96.827
12,11,106.68161290322581,2025,96.827
12,12,103.91024193548385,2025,96.827
12,13,108.50104838709677,2025,96.827
12,14,117.28395161290324,2025,96.827
12,15,127.39314516129032,2025,96.827
12,16,136.76862903225805,2025,96.827
12,17,131.7339516129032,2025,96.827
12,18,126.70217741935484,2025,96.827
12,19,121.8173387096774,2025,96.827
12,20,113.95733870967743,2025,96.827
12,21,104.36903225806451,2025,96.827
12,22,100.02733870967742,2025,96.827
12,23,89.14612903225806,2025,96.827
